id_estudiante,edad,genero,carrera,ciudad,horas_estudio_semanal,horas_trabajo_semanal,trabaja,nota_promedio,satisfaccion_carrera,ingresos_familia_euros,fecha_encuesta
EST_0001,23,Femenino,Administración,Bilbao,19.0,12.1,True,7.06,8.6,11893.14,2025-07-06
EST_0002,20,Masculino,Ingeniería,Madrid,31.0,0.0,False,4.02,3.9,3873.2,2025-03-15
EST_0003,26,Masculino,Medicina,Sevilla,31.6,0.0,False,7.9,7.9,5571.73,2025-06-23
EST_0004,19,Femenino,Psicología,Barcelona,35.9,0.0,False,7.54,8.7,9039.14,2025-01-19
EST_0005,24,Masculino,Administración,Barcelona,32.8,9.8,True,10.0,10.0,,2025-03-21
EST_0006,23,Femenino,Ingeniería,Valencia,20.1,9.5,True,8.42,6.9,14042.22,2025-06-23
EST_0007,18,Femenino,Administración,Málaga,29.3,10.2,True,8.18,7.3,7515.58,2025-04-23
EST_0008,19,Femenino,Derecho,Bilbao,16.9,0.0,False,7.48,8.4,9550.76,2024-08-31
EST_0009,19,Masculino,Educación,Madrid,33.5,0.0,False,6.73,5.9,6289.76,2024-12-06
EST_0010,23,Masculino,Ingeniería,Sevilla,22.9,15.5,True,7.34,5.4,7996.37,2024-12-16
EST_0011,20,Femenino,Derecho,Málaga,13.3,0.0,False,7.44,8.2,12034.3,2024-11-30
EST_0012,19,Femenino,Ingeniería,Sevilla,25.8,0.0,False,10.0,10.0,11603.52,2025-03-22
EST_0013,19,Femenino,Ingeniería,Valencia,21.8,0.0,False,6.57,5.3,9079.1,2025-03-10
EST_0014,25,Femenino,Derecho,Madrid,14.4,0.0,False,8.47,8.6,12840.16,2025-04-15
EST_0015,21,Femenino,Derecho,Málaga,10.1,13.1,True,4.04,3.2,8083.43,2025-01-14
EST_0016,24,Masculino,Derecho,Málaga,16.1,0.0,False,9.49,9.4,9610.16,2024-10-15
EST_0017,26,Femenino,Psicología,Bilbao,47.8,16.6,True,10.0,10.0,8913.3,2024-09-29
EST_0018,23,Otro,Derecho,Sevilla,32.8,0.0,False,7.73,7.4,5099.9,2024-08-02
EST_0019,20,Masculino,Medicina,Málaga,10.3,23.9,True,4.65,3.5,10146.53,2025-07-15
EST_0020,18,Masculino,Educación,Málaga,21.8,0.0,False,8.46,7.7,,2025-05-26
EST_0021,20,Masculino,Educación,Valencia,25.6,0.0,False,7.89,7.2,11382.12,2024-08-12
EST_0022,28,Femenino,Administración,Barcelona,4.7,0.0,False,7.53,6.9,12409.49,2025-04-02
EST_0023,21,Femenino,Ingeniería,Barcelona,19.1,15.9,True,6.67,6.3,7315.07,2025-05-20
EST_0024,23,Femenino,Derecho,Sevilla,27.3,0.0,False,5.67,4.9,11493.61,2024-11-20
EST_0025,23,Femenino,Administración,Sevilla,14.5,19.5,True,7.1,9.5,9921.78,2025-02-18
EST_0026,22,Masculino,Psicología,Madrid,46.3,0.0,False,8.58,8.4,10874.31,2025-07-16
EST_0027,22,Masculino,Administración,Barcelona,13.8,0.0,False,6.64,6.6,3435.05,2024-12-23
EST_0028,20,Masculino,Ingeniería,Valencia,24.8,0.0,False,8.86,10.0,6028.26,2025-01-26
EST_0029,24,Masculino,Ingeniería,Madrid,38.1,0.0,False,9.38,10.0,,2025-05-13
EST_0030,23,Femenino,Psicología,Valencia,16.5,0.0,False,6.88,7.1,5418.81,2025-03-06
EST_0031,19,Femenino,Administración,Valencia,17.0,16.2,True,7.73,8.3,15977.56,2025-03-28
EST_0032,20,Masculino,Administración,Bilbao,10.4,0.0,False,7.58,7.4,3389.23,2025-02-11
EST_0033,25,Masculino,Medicina,Valencia,15.0,0.0,False,6.96,6.7,9521.99,2025-01-18
EST_0034,19,Femenino,Ingeniería,Madrid,25.1,0.0,False,7.89,7.1,8203.0,2025-06-04
EST_0035,23,Femenino,Ingeniería,Valencia,34.8,0.0,False,7.1,7.9,7488.61,2025-06-17
EST_0036,18,Masculino,Derecho,Málaga,10.1,0.0,False,9.02,8.6,18813.74,2024-11-19
EST_0037,18,Masculino,Ingeniería,Málaga,14.0,0.0,False,7.57,7.5,9300.45,2024-09-20
EST_0038,22,Femenino,Ingeniería,Bilbao,28.1,0.0,False,9.77,8.2,4087.57,2025-05-17
EST_0039,23,Masculino,Medicina,Barcelona,24.1,0.0,False,9.84,9.3,9965.22,2025-05-23
EST_0040,26,Femenino,Educación,Sevilla,27.4,0.0,False,8.11,10.0,9187.48,2025-06-28
EST_0041,20,Femenino,Derecho,Madrid,33.0,0.0,False,7.74,6.1,8078.01,2025-04-08
EST_0042,23,Masculino,Derecho,Málaga,30.6,0.0,False,6.04,7.7,8282.1,2024-10-24
EST_0043,25,Masculino,Psicología,Barcelona,10.1,15.2,True,6.55,5.3,21641.38,2024-12-01
EST_0044,18,Masculino,Ingeniería,Barcelona,22.0,16.0,True,7.67,8.5,8387.54,2025-01-22
EST_0045,26,Masculino,Derecho,Málaga,34.0,0.0,False,6.98,6.8,5510.75,2025-03-24
EST_0046,23,Masculino,Ingeniería,Bilbao,33.8,0.0,False,10.0,10.0,8422.69,2025-05-06
EST_0047,19,Masculino,Administración,Málaga,29.2,14.0,True,8.25,6.6,10386.78,2025-04-07
EST_0048,20,Masculino,Ingeniería,Valencia,0.0,0.0,False,5.97,6.4,7766.27,2025-05-27
EST_0049,22,Femenino,Derecho,Bilbao,18.4,0.0,False,8.58,7.8,3286.44,2025-04-29
EST_0050,21,Femenino,Psicología,Bilbao,14.9,12.0,True,7.41,6.5,6685.67,2025-06-20
EST_0051,24,Masculino,Educación,Madrid,31.4,0.0,False,8.84,8.7,,2024-11-03
EST_0052,21,Femenino,Educación,Sevilla,21.8,0.0,False,7.13,8.2,2686.37,2024-10-06
EST_0053,23,Femenino,Derecho,Bilbao,16.6,0.0,False,7.87,7.9,7189.74,2025-01-11
EST_0054,24,Femenino,Derecho,Barcelona,16.0,16.2,True,8.12,10.0,8874.46,2024-10-12
EST_0055,22,Femenino,Derecho,Barcelona,35.4,0.0,False,7.05,6.8,4967.23,2024-08-30
EST_0056,25,Femenino,Derecho,Bilbao,13.2,0.0,False,9.57,7.9,5987.73,2024-12-30
EST_0057,21,Femenino,Psicología,Sevilla,35.5,24.4,True,8.76,9.0,10107.76,2024-10-05
EST_0058,26,Femenino,Derecho,Madrid,26.6,12.1,True,10.0,9.9,13842.49,2025-07-03
EST_0059,18,Femenino,Derecho,Valencia,13.7,0.0,False,2.69,2.7,4189.88,2025-05-26
EST_0060,19,Masculino,Ingeniería,Madrid,17.0,0.0,False,5.94,5.9,8770.31,2024-12-29
EST_0061,20,Femenino,Administración,Málaga,28.0,0.0,False,5.05,6.1,4913.24,2024-12-18
EST_0062,18,Masculino,Administración,Valencia,5.7,17.4,True,6.71,5.6,19460.37,2024-11-23
EST_0063,19,Masculino,Derecho,Bilbao,35.1,0.0,False,5.92,6.1,19116.92,2024-09-29
EST_0064,23,Femenino,Psicología,Sevilla,31.2,0.0,False,6.48,6.2,9538.26,2025-07-17
EST_0065,18,Masculino,Medicina,Valencia,24.0,23.5,True,4.83,6.6,2861.31,2024-10-21
EST_0066,22,Otro,Ingeniería,Barcelona,46.6,0.0,False,7.45,6.8,6574.33,2025-04-10
EST_0067,25,Femenino,Administración,Barcelona,8.7,0.0,False,8.69,,11600.41,2025-07-01
EST_0068,26,Femenino,Medicina,Bilbao,21.8,0.0,False,10.0,9.6,16771.96,2025-01-28
EST_0069,18,Masculino,Derecho,Sevilla,15.2,0.0,False,8.41,7.5,30217.94,2024-10-12
EST_0070,22,Masculino,Psicología,Valencia,28.7,0.0,False,4.58,2.5,6799.25,2025-04-15
EST_0071,18,Femenino,Administración,Sevilla,9.7,14.6,True,6.82,5.1,14358.07,2024-12-24
EST_0072,23,Femenino,Administración,Madrid,35.6,0.0,False,9.73,10.0,3777.15,2024-11-04
EST_0073,21,Femenino,Ingeniería,Barcelona,26.3,0.0,False,9.02,8.8,14250.32,2024-10-28
EST_0074,21,Femenino,Derecho,Sevilla,37.8,0.0,False,6.44,6.6,9959.53,2025-07-12
EST_0075,18,Masculino,Psicología,Málaga,0.0,11.7,True,4.45,3.3,29698.51,2024-08-03
EST_0076,27,Masculino,Administración,Málaga,28.7,13.8,True,7.92,8.6,18160.15,2024-10-08
EST_0077,19,Femenino,Derecho,Sevilla,22.9,0.0,False,8.84,9.5,4622.26,2025-05-26
EST_0078,23,Masculino,Derecho,Bilbao,24.0,0.0,False,7.08,8.3,8503.84,2025-01-31
EST_0079,18,Femenino,Ingeniería,Valencia,24.1,24.0,True,7.09,5.6,17566.56,2025-06-29
EST_0080,22,Femenino,Administración,Valencia,23.2,0.0,False,7.51,6.1,5622.52,2024-09-15
EST_0081,22,Femenino,Derecho,Barcelona,36.0,0.0,False,9.66,9.8,19257.59,2024-09-27
EST_0082,24,Femenino,Medicina,Sevilla,38.8,0.0,False,9.28,9.1,8719.85,2024-08-06
EST_0083,26,Masculino,Medicina,Bilbao,26.9,0.0,False,8.13,6.8,11767.85,2024-09-05
EST_0084,25,Masculino,Educación,Bilbao,18.8,6.0,True,7.02,8.1,4850.04,2024-09-25
EST_0085,24,Otro,Administración,Sevilla,21.5,24.4,True,7.63,7.6,6138.9,2025-06-19
EST_0086,25,Masculino,Medicina,Málaga,20.2,0.0,False,7.24,5.4,6103.79,2025-02-15
EST_0087,22,Masculino,Psicología,Valencia,28.4,0.0,False,7.56,8.1,10136.06,2025-01-28
EST_0088,21,Masculino,Ingeniería,Málaga,16.1,7.0,True,6.05,6.0,3962.43,2025-01-04
EST_0089,23,Masculino,Administración,Barcelona,35.4,19.2,True,7.51,8.3,12963.9,2025-05-09
EST_0090,18,Masculino,Medicina,Sevilla,25.6,0.0,False,7.01,6.5,13871.09,2025-03-28
EST_0091,20,Masculino,Ingeniería,Valencia,42.0,0.0,False,9.9,8.4,12463.55,2025-05-05
EST_0092,25,Masculino,Psicología,Sevilla,31.5,23.4,True,7.6,7.0,8006.01,2025-07-03
EST_0093,20,Femenino,Medicina,Valencia,14.1,17.2,True,7.99,10.0,19221.25,2025-03-19
EST_0094,21,Masculino,Educación,Madrid,21.6,0.0,False,6.37,6.3,10419.09,2025-07-08
EST_0095,31,Femenino,Ingeniería,Sevilla,24.2,0.0,False,7.79,9.3,18402.68,2025-01-23
EST_0096,26,Femenino,Derecho,Barcelona,29.9,0.0,False,9.95,9.4,5791.74,2025-06-17
EST_0097,23,Masculino,Ingeniería,Sevilla,10.9,8.5,True,6.53,6.9,7758.76,2024-09-30
EST_0098,25,Masculino,Derecho,Barcelona,27.5,0.0,False,4.35,5.6,11208.89,2025-03-29
EST_0099,18,Femenino,Administración,Sevilla,19.0,16.9,True,9.46,10.0,6962.86,2024-10-08
EST_0100,21,Femenino,Administración,Madrid,19.1,0.0,False,5.66,5.8,10160.55,2025-01-31
EST_0101,23,Masculino,Educación,Bilbao,12.0,19.0,True,4.25,4.9,5404.37,2025-04-05
EST_0102,18,Masculino,Medicina,Madrid,34.1,9.3,True,10.0,8.9,18337.73,2025-05-26
EST_0103,21,Femenino,Ingeniería,Bilbao,41.1,0.0,False,9.03,8.8,13121.97,2025-05-07
EST_0104,20,Femenino,Ingeniería,Málaga,23.3,0.0,False,8.55,7.5,3944.09,2024-09-26
EST_0105,18,Masculino,Derecho,Valencia,29.5,0.0,False,9.85,9.9,18218.9,2025-04-02
EST_0106,22,Masculino,Psicología,Valencia,31.8,0.0,False,6.36,6.1,9858.04,2024-10-26
EST_0107,21,Masculino,Psicología,Málaga,34.7,0.0,False,6.25,4.3,9881.5,2025-03-18
EST_0108,22,Masculino,Psicología,Barcelona,15.3,14.3,True,9.46,10.0,5819.35,2025-02-06
EST_0109,24,Masculino,Medicina,Valencia,29.1,0.0,False,10.0,10.0,6428.69,2024-08-15
EST_0110,18,Femenino,Medicina,Valencia,31.1,9.4,True,8.89,9.6,7169.56,2025-02-17
EST_0111,21,Masculino,Derecho,Sevilla,26.7,12.8,True,6.99,7.7,4121.27,2025-06-16
EST_0112,19,Masculino,Ingeniería,Madrid,37.0,0.0,False,9.03,8.8,5572.96,2024-08-09
EST_0113,24,Masculino,Ingeniería,Sevilla,22.9,0.0,False,8.99,9.2,4135.3,2025-05-31
EST_0114,24,Masculino,Educación,Barcelona,24.6,15.4,True,9.87,9.8,10712.47,2025-01-01
EST_0115,18,Femenino,Psicología,Madrid,1.6,0.0,False,3.35,2.6,12023.97,2024-12-09
EST_0116,22,Femenino,Psicología,Barcelona,11.7,21.6,True,8.07,6.5,4467.91,2024-09-20
EST_0117,22,Masculino,Educación,Valencia,43.9,0.0,False,10.0,7.5,12622.35,2025-03-16
EST_0118,18,Masculino,Psicología,Málaga,17.4,0.0,False,7.13,6.2,8218.07,2024-09-21
EST_0119,21,Masculino,Educación,Madrid,30.6,0.0,False,9.87,8.6,4757.34,2025-07-03
EST_0120,21,Masculino,Administración,Sevilla,28.0,0.0,False,7.36,,,2025-03-20
EST_0121,23,Femenino,Derecho,Valencia,21.2,21.9,True,5.6,4.1,11192.05,2025-03-01
EST_0122,20,Masculino,Psicología,Madrid,26.6,0.0,False,6.52,7.0,14695.89,2024-12-09
EST_0123,24,Masculino,Administración,Valencia,13.3,0.0,False,7.02,7.6,,2024-12-21
EST_0124,26,Femenino,Medicina,Bilbao,15.1,0.0,False,6.41,4.5,22703.61,2025-01-13
EST_0125,20,Femenino,Derecho,Madrid,30.2,16.5,True,9.0,9.5,7643.96,2025-06-10
EST_0126,19,Masculino,Medicina,Barcelona,12.1,22.8,True,10.0,10.0,15535.31,2025-05-02
EST_0127,21,Masculino,Derecho,Madrid,17.0,0.0,False,7.88,6.9,4171.54,2024-11-09
EST_0128,25,Masculino,Medicina,Málaga,21.1,13.9,True,7.37,7.5,9162.43,2024-11-15
EST_0129,21,Otro,Administración,Sevilla,43.0,0.0,False,10.0,10.0,5287.66,2025-02-25
EST_0130,23,Masculino,Educación,Sevilla,13.7,25.2,True,5.8,5.6,7919.31,2024-12-18
EST_0131,21,Femenino,Administración,Málaga,24.9,16.6,True,8.54,9.2,14570.25,2024-11-12
EST_0132,22,Masculino,Psicología,Valencia,30.4,0.0,False,7.54,6.6,16967.64,2025-07-05
EST_0133,20,Femenino,Psicología,Madrid,29.8,0.0,False,6.68,6.7,12261.59,2024-07-31
EST_0134,19,Femenino,Ingeniería,Barcelona,30.8,0.0,False,9.7,10.0,11421.84,2025-07-16
EST_0135,18,Femenino,Educación,Madrid,29.2,0.0,False,7.08,6.6,11628.23,2025-07-08
EST_0136,20,Femenino,Educación,Valencia,16.2,0.0,False,7.45,6.3,13230.0,2025-01-23
EST_0137,21,Femenino,Psicología,Málaga,19.2,7.9,True,10.0,10.0,13976.56,2024-09-17
EST_0138,24,Femenino,Administración,Sevilla,23.2,18.1,True,8.41,7.8,4206.19,2025-02-17
EST_0139,24,Masculino,Psicología,Sevilla,27.6,0.0,False,7.68,7.4,14754.76,2025-06-08
EST_0140,18,Masculino,Derecho,Madrid,41.7,0.0,False,10.0,10.0,6596.47,2025-05-15
EST_0141,23,Femenino,Psicología,Málaga,20.7,19.1,True,6.7,5.7,7888.24,2024-08-20
EST_0142,19,Femenino,Medicina,Málaga,36.6,0.0,False,6.72,6.0,,2024-07-30
EST_0143,22,Masculino,Educación,Barcelona,28.5,0.0,False,6.82,8.0,6711.27,2025-07-07
EST_0144,24,Masculino,Ingeniería,Valencia,28.1,0.0,False,5.71,4.9,7464.47,2025-05-28
EST_0145,23,Masculino,Educación,Madrid,12.9,12.8,True,8.17,7.1,1880.56,2025-05-03
EST_0146,28,Masculino,Educación,Sevilla,24.8,0.0,False,7.59,9.0,12347.7,2025-03-07
EST_0147,20,Masculino,Administración,Málaga,18.1,0.0,False,6.45,7.1,9736.3,2025-06-14
EST_0148,26,Femenino,Psicología,Valencia,15.1,7.8,True,7.36,8.5,8575.25,2025-05-04
EST_0149,25,Masculino,Educación,Barcelona,29.8,0.0,False,5.25,4.6,13561.37,2025-06-18
EST_0150,29,Masculino,Administración,Sevilla,19.5,0.0,False,7.97,7.1,14345.51,2025-02-20
EST_0151,18,Femenino,Derecho,Valencia,19.0,0.0,False,7.98,7.5,4321.66,2025-03-16
EST_0152,18,Femenino,Psicología,Sevilla,13.9,0.0,False,8.24,8.4,8573.18,2024-12-22
EST_0153,21,Masculino,Ingeniería,Valencia,41.2,0.0,False,7.6,8.8,17338.04,2024-10-30
EST_0154,20,Masculino,Psicología,Málaga,21.0,0.0,False,8.01,7.5,11953.34,2024-10-07
EST_0155,20,Femenino,Administración,Málaga,23.5,16.4,True,7.49,,6020.54,2025-04-28
EST_0156,24,Masculino,Educación,Málaga,5.2,22.1,True,5.86,4.8,7716.67,2025-04-17
EST_0157,24,Masculino,Derecho,Valencia,32.4,0.0,False,7.52,6.6,13946.6,2025-03-30
EST_0158,23,Masculino,Educación,Madrid,18.7,20.3,True,10.0,10.0,,2024-11-06
EST_0159,19,Femenino,Administración,Málaga,47.5,0.0,False,9.21,10.0,3593.9,2024-09-27
EST_0160,20,Femenino,Derecho,Sevilla,31.4,0.0,False,8.55,10.0,3277.98,2025-07-02
EST_0161,19,Masculino,Educación,Bilbao,42.5,0.0,False,9.7,10.0,5000.29,2025-01-15
EST_0162,22,Masculino,Derecho,Madrid,24.9,4.0,True,10.0,9.8,6504.21,2025-04-26
EST_0163,28,Femenino,Administración,Sevilla,25.8,0.0,False,6.05,5.7,5563.16,2024-07-30
EST_0164,20,Femenino,Administración,Valencia,27.0,0.0,False,9.37,9.3,6032.17,2025-07-09
EST_0165,24,Femenino,Psicología,Bilbao,34.2,0.0,False,7.42,7.6,5958.74,2025-03-23
EST_0166,19,Femenino,Psicología,Madrid,30.1,0.0,False,8.07,,14451.42,2024-12-30
EST_0167,21,Femenino,Administración,Barcelona,37.8,0.0,False,7.72,8.0,20962.03,2024-08-05
EST_0168,22,Masculino,Ingeniería,Málaga,23.7,20.0,True,6.62,8.5,5581.78,2025-01-14
EST_0169,19,Femenino,Ingeniería,Valencia,30.0,22.4,True,6.12,6.9,4947.35,2025-06-02
EST_0170,22,Masculino,Derecho,Valencia,37.7,0.0,False,4.71,3.8,8992.78,2025-01-05
EST_0171,19,Masculino,Medicina,Bilbao,13.9,0.0,False,7.2,7.1,7490.2,2024-11-08
EST_0172,21,Masculino,Administración,Barcelona,32.0,0.0,False,10.0,10.0,9748.04,2025-04-10
EST_0173,21,Femenino,Administración,Málaga,31.6,0.0,False,8.18,9.2,6414.29,2025-07-07
EST_0174,22,Masculino,Psicología,Bilbao,45.7,0.0,False,8.82,6.3,7023.37,2024-11-21
EST_0175,21,Femenino,Psicología,Bilbao,51.4,0.0,False,10.0,10.0,10237.85,2025-07-23
EST_0176,20,Femenino,Psicología,Málaga,23.8,0.0,False,8.16,8.1,9850.34,2025-04-17
EST_0177,30,Masculino,Derecho,Valencia,22.8,0.0,False,9.16,9.7,9447.15,2024-12-01
EST_0178,23,Masculino,Ingeniería,Sevilla,8.9,19.4,True,6.73,5.6,5297.76,2024-09-08
EST_0179,24,Femenino,Medicina,Málaga,29.9,0.0,False,9.98,9.1,16705.06,2024-09-04
EST_0180,22,Masculino,Derecho,Madrid,10.6,0.0,False,8.68,8.8,5945.45,2024-11-10
EST_0181,22,Masculino,Educación,Valencia,21.9,0.0,False,5.21,5.4,8107.97,2025-07-15
EST_0182,19,Femenino,Psicología,Barcelona,18.7,0.0,False,8.42,9.1,7050.15,2024-11-01
EST_0183,23,Femenino,Administración,Valencia,28.4,0.0,False,6.39,7.4,24191.2,2025-07-14
EST_0184,18,Femenino,Educación,Sevilla,14.8,0.0,False,4.86,5.0,9073.84,2024-11-22
EST_0185,23,Femenino,Derecho,Madrid,36.2,0.0,False,6.83,6.8,,2024-09-11
EST_0186,22,Masculino,Derecho,Madrid,16.8,0.0,False,4.83,5.7,9239.85,2025-01-30
EST_0187,22,Masculino,Medicina,Barcelona,26.1,0.0,False,8.89,9.8,6586.46,2025-07-17
EST_0188,20,Otro,Ingeniería,Málaga,7.6,0.0,False,6.35,5.4,13247.2,2024-12-13
EST_0189,21,Masculino,Psicología,Madrid,11.7,0.0,False,7.98,7.4,12924.65,2024-08-19
EST_0190,21,Femenino,Medicina,Madrid,16.0,0.0,False,7.18,8.3,4470.67,2024-11-18
EST_0191,26,Masculino,Administración,Madrid,30.9,0.0,False,8.1,8.2,4716.47,2025-03-12
EST_0192,24,Masculino,Derecho,Málaga,32.8,0.0,False,10.0,9.7,8194.62,2025-02-03
EST_0193,23,Masculino,Psicología,Barcelona,36.0,0.0,False,8.3,7.6,4613.43,2025-06-03
EST_0194,20,Femenino,Psicología,Madrid,11.5,0.0,False,8.64,9.3,2599.96,2025-04-21
EST_0195,19,Femenino,Administración,Sevilla,21.1,11.7,True,6.71,6.8,7311.01,2025-07-02
EST_0196,20,Masculino,Administración,Bilbao,34.0,0.0,False,9.28,9.7,4837.44,2025-01-21
EST_0197,19,Femenino,Medicina,Madrid,25.0,0.0,False,7.98,6.3,5655.25,2025-06-12
EST_0198,21,Femenino,Medicina,Málaga,0.0,17.2,True,6.62,5.2,7091.65,2024-10-29
EST_0199,23,Femenino,Psicología,Valencia,28.3,0.0,False,7.53,5.9,5662.84,2024-10-16
EST_0200,22,Femenino,Medicina,Madrid,30.7,0.0,False,7.78,6.5,5010.32,2025-05-01
EST_0201,24,Femenino,Administración,Málaga,23.6,16.2,True,9.11,10.0,16050.5,2025-06-03
EST_0202,20,Masculino,Ingeniería,Bilbao,46.0,0.0,False,8.83,8.5,5861.9,2025-02-18
EST_0203,18,Femenino,Psicología,Bilbao,8.0,0.0,False,9.44,10.0,3108.56,2025-02-24
EST_0204,18,Masculino,Medicina,Madrid,27.1,0.0,False,7.56,6.0,21844.25,2025-04-10
EST_0205,24,Femenino,Administración,Bilbao,28.4,10.7,True,7.66,7.8,13247.66,2024-09-07
EST_0206,18,Masculino,Derecho,Bilbao,24.1,0.0,False,6.55,7.3,13756.3,2025-04-03
EST_0207,20,Masculino,Administración,Málaga,46.1,10.8,True,10.0,,16049.26,2024-12-28
EST_0208,24,Femenino,Administración,Bilbao,7.7,0.0,False,4.58,5.8,4961.27,2025-06-11
EST_0209,20,Femenino,Ingeniería,Valencia,40.0,0.0,False,10.0,8.3,8660.67,2025-06-10
EST_0210,25,Femenino,Educación,Madrid,45.0,0.0,False,8.56,9.2,7393.83,2025-01-11
EST_0211,22,Femenino,Educación,Madrid,33.4,0.0,False,8.36,7.8,4674.71,2025-05-26
EST_0212,24,Masculino,Ingeniería,Madrid,14.1,0.0,False,8.47,9.2,,2025-05-11
EST_0213,18,Femenino,Derecho,Málaga,30.0,0.0,False,7.24,7.2,5824.56,2024-09-11
EST_0214,23,Femenino,Psicología,Sevilla,25.8,20.6,True,7.2,8.3,11031.42,2024-12-30
EST_0215,27,Masculino,Psicología,Madrid,29.1,0.0,False,4.53,3.2,3785.07,2025-05-30
EST_0216,25,Masculino,Medicina,Madrid,37.4,0.0,False,6.37,5.8,8778.05,2025-03-22
EST_0217,23,Femenino,Psicología,Bilbao,23.3,0.0,False,8.26,8.2,8574.5,2024-12-21
EST_0218,19,Femenino,Derecho,Valencia,10.5,0.0,False,6.19,5.2,8987.89,2024-12-10
EST_0219,22,Masculino,Ingeniería,Málaga,43.7,0.0,False,7.89,7.0,16111.15,2024-08-10
EST_0220,24,Femenino,Ingeniería,Valencia,9.6,0.0,False,7.61,,18623.11,2025-05-21
EST_0221,24,Femenino,Ingeniería,Sevilla,39.6,0.0,False,8.95,9.6,8002.39,2024-08-21
EST_0222,28,Femenino,Psicología,Sevilla,13.6,21.5,True,9.78,9.7,17749.63,2024-11-25
EST_0223,23,Masculino,Ingeniería,Madrid,22.5,0.0,False,8.58,7.2,6728.2,2025-03-12
EST_0224,21,Femenino,Administración,Málaga,28.3,0.0,False,7.76,8.7,5561.25,2024-10-06
EST_0225,19,Femenino,Ingeniería,Barcelona,22.7,0.0,False,6.04,4.7,11458.18,2024-11-18
EST_0226,23,Masculino,Educación,Valencia,12.1,0.0,False,6.35,4.7,,2025-03-21
EST_0227,20,Femenino,Ingeniería,Málaga,22.2,0.0,False,9.39,10.0,9604.87,2025-05-20
EST_0228,27,Masculino,Administración,Barcelona,29.8,0.0,False,5.04,5.6,7133.25,2024-07-31
EST_0229,19,Masculino,Administración,Madrid,28.1,0.0,False,5.42,5.7,9035.49,2024-12-26
EST_0230,20,Masculino,Educación,Sevilla,20.8,0.0,False,4.39,5.4,12825.97,2024-12-31
EST_0231,26,Femenino,Medicina,Barcelona,36.2,0.0,False,8.11,7.9,6844.74,2025-03-23
EST_0232,19,Otro,Derecho,Bilbao,40.0,0.0,False,6.95,7.3,12034.52,2024-08-08
EST_0233,25,Femenino,Administración,Madrid,32.6,0.0,False,7.51,7.9,7922.98,2025-07-21
EST_0234,23,Femenino,Derecho,Bilbao,34.4,0.0,False,9.86,10.0,5062.81,2024-09-19
EST_0235,23,Femenino,Derecho,Sevilla,36.0,0.0,False,8.32,7.0,7321.05,2025-01-28
EST_0236,27,Masculino,Medicina,Málaga,11.6,0.0,False,5.18,5.8,10217.26,2024-08-29
EST_0237,21,Otro,Derecho,Barcelona,10.6,12.0,True,8.64,7.4,3883.71,2025-04-12
EST_0238,18,Femenino,Educación,Valencia,28.1,0.0,False,8.85,7.5,8535.33,2024-09-13
EST_0239,20,Femenino,Medicina,Sevilla,16.4,0.0,False,8.39,9.1,6492.99,2024-12-25
EST_0240,20,Femenino,Administración,Barcelona,30.2,13.9,True,7.74,8.1,20023.33,2025-06-18
EST_0241,25,Femenino,Medicina,Sevilla,28.8,0.0,False,8.92,7.9,9138.14,2025-05-27
EST_0242,18,Femenino,Educación,Bilbao,11.0,7.4,True,7.8,8.4,5043.35,2024-10-22
EST_0243,23,Otro,Psicología,Barcelona,39.3,0.0,False,6.56,6.5,,2024-12-23
EST_0244,23,Femenino,Derecho,Bilbao,17.8,0.0,False,10.0,9.6,10894.27,2024-10-14
EST_0245,24,Femenino,Administración,Barcelona,23.1,0.0,False,6.51,7.1,8831.61,2024-09-27
EST_0246,21,Masculino,Educación,Málaga,36.1,0.0,False,6.53,5.4,3375.55,2025-07-09
EST_0247,18,Masculino,Medicina,Bilbao,19.5,0.0,False,5.54,5.7,7308.25,2024-11-02
EST_0248,23,Femenino,Educación,Madrid,24.4,0.0,False,8.85,8.9,6510.66,2025-03-17
EST_0249,25,Masculino,Derecho,Madrid,33.7,0.0,False,6.17,5.1,4433.75,2025-04-26
EST_0250,23,Femenino,Medicina,Sevilla,12.3,0.0,False,7.55,7.1,9151.04,2024-12-10
EST_0251,24,Femenino,Educación,Barcelona,21.9,18.7,True,7.81,8.6,8985.1,2025-06-13
EST_0252,25,Femenino,Ingeniería,Valencia,19.0,0.0,False,6.12,7.0,18102.77,2024-10-25
EST_0253,19,Masculino,Ingeniería,Barcelona,18.3,0.0,False,4.17,3.5,5696.26,2025-06-06
EST_0254,25,Otro,Ingeniería,Sevilla,29.8,13.1,True,3.81,2.6,4812.53,2025-06-22
EST_0255,20,Masculino,Educación,Sevilla,15.7,0.0,False,6.4,5.6,10792.04,2025-03-22
EST_0256,18,Masculino,Derecho,Sevilla,3.6,12.3,True,6.43,5.6,12806.33,2025-04-30
EST_0257,27,Femenino,Medicina,Bilbao,13.2,0.0,False,7.88,9.6,7805.84,2024-09-04
EST_0258,22,Masculino,Psicología,Valencia,20.1,0.0,False,7.03,7.3,4326.21,2025-03-18
EST_0259,19,Masculino,Psicología,Bilbao,13.1,9.5,True,8.13,8.6,6534.21,2024-11-14
EST_0260,22,Masculino,Ingeniería,Valencia,29.7,0.0,False,8.6,7.6,5760.64,2025-07-15
EST_0261,19,Femenino,Medicina,Barcelona,14.8,16.2,True,6.63,5.8,4060.26,2024-10-22
EST_0262,19,Masculino,Derecho,Bilbao,2.6,0.0,False,4.32,3.7,10186.75,2024-08-03
EST_0263,21,Femenino,Medicina,Bilbao,32.4,13.1,True,9.35,9.5,6609.49,2025-01-29
EST_0264,28,Masculino,Ingeniería,Sevilla,32.6,0.0,False,8.53,7.4,17430.03,2024-11-02
EST_0265,21,Masculino,Medicina,Málaga,18.6,0.0,False,6.75,7.4,14240.65,2025-04-17
EST_0266,22,Masculino,Derecho,Málaga,17.3,10.0,True,6.06,5.4,4374.43,2025-07-22
EST_0267,18,Femenino,Administración,Valencia,3.1,0.0,False,8.17,7.9,11209.98,2024-12-12
EST_0268,18,Masculino,Derecho,Sevilla,16.8,0.0,False,4.55,4.1,4548.95,2025-01-25
EST_0269,18,Otro,Ingeniería,Barcelona,5.7,20.5,True,7.72,7.2,5240.44,2024-08-11
EST_0270,21,Masculino,Psicología,Sevilla,13.9,0.0,False,8.24,7.6,6219.91,2024-10-07
EST_0271,18,Femenino,Medicina,Barcelona,15.9,8.9,True,8.38,,3636.08,2025-04-28
EST_0272,27,Femenino,Medicina,Barcelona,29.7,0.0,False,9.2,9.4,5135.71,2024-08-13
EST_0273,22,Femenino,Psicología,Valencia,29.2,0.0,False,8.42,6.7,10841.34,2025-04-16
EST_0274,21,Masculino,Psicología,Madrid,19.2,5.7,True,8.91,9.5,4155.8,2025-02-12
EST_0275,25,Femenino,Educación,Madrid,14.2,14.7,True,5.53,4.7,15016.56,2024-09-21
EST_0276,24,Masculino,Derecho,Sevilla,28.4,0.0,False,9.69,9.7,6267.17,2025-03-04
EST_0277,23,Femenino,Psicología,Valencia,35.3,0.0,False,8.37,9.1,,2025-03-05
EST_0278,26,Femenino,Educación,Bilbao,23.3,0.0,False,6.54,6.2,,2024-10-17
EST_0279,27,Masculino,Derecho,Madrid,33.9,0.0,False,7.94,7.9,5886.63,2024-10-15
EST_0280,22,Femenino,Administración,Sevilla,34.5,0.0,False,10.0,10.0,6727.48,2025-04-23
EST_0281,23,Masculino,Derecho,Valencia,25.2,17.3,True,7.76,6.7,14714.45,2025-01-16
EST_0282,20,Masculino,Derecho,Bilbao,35.7,0.0,False,10.0,10.0,4244.71,2024-12-03
EST_0283,23,Femenino,Ingeniería,Barcelona,22.8,0.0,False,5.56,5.9,6722.19,2025-06-04
EST_0284,20,Masculino,Ingeniería,Valencia,18.2,20.0,True,6.83,6.9,5777.14,2024-11-24
EST_0285,18,Femenino,Educación,Sevilla,32.8,14.4,True,8.48,7.9,11243.22,2025-02-27
EST_0286,19,Masculino,Medicina,Bilbao,22.9,24.2,True,8.24,10.0,10413.51,2024-09-20
EST_0287,21,Masculino,Psicología,Barcelona,39.5,8.4,True,7.66,9.2,5272.45,2024-09-02
EST_0288,24,Masculino,Derecho,Málaga,7.3,20.9,True,8.33,9.3,6716.03,2024-09-07
EST_0289,20,Otro,Medicina,Sevilla,33.9,0.0,False,8.55,8.1,11569.89,2025-03-20
EST_0290,26,Femenino,Educación,Bilbao,5.1,10.7,True,8.06,8.6,27299.98,2025-01-28
EST_0291,18,Femenino,Medicina,Barcelona,29.5,0.0,False,9.67,8.5,18650.2,2025-02-12
EST_0292,26,Masculino,Administración,Barcelona,32.6,0.0,False,6.99,7.7,,2025-02-16
EST_0293,19,Masculino,Ingeniería,Barcelona,22.6,0.0,False,5.92,5.6,10062.37,2025-02-14
EST_0294,23,Masculino,Derecho,Barcelona,21.3,15.0,True,8.68,10.0,5505.25,2025-03-22
EST_0295,24,Otro,Ingeniería,Madrid,28.7,0.0,False,9.29,7.8,10441.75,2025-03-01
EST_0296,25,Masculino,Educación,Sevilla,31.8,16.2,True,10.0,8.0,11549.06,2025-04-15
EST_0297,23,Masculino,Educación,Valencia,8.8,28.8,True,5.19,4.9,10984.1,2024-09-06
EST_0298,18,Masculino,Psicología,Sevilla,24.7,0.0,False,6.73,7.8,8481.09,2025-05-31
EST_0299,18,Femenino,Psicología,Málaga,41.6,0.0,False,8.34,9.7,5527.7,2024-10-25
EST_0300,23,Femenino,Educación,Valencia,13.2,0.0,False,7.68,9.8,4878.63,2024-10-03
EST_0301,18,Masculino,Administración,Sevilla,26.7,16.9,True,8.73,8.0,7923.75,2024-12-10
EST_0302,21,Femenino,Psicología,Madrid,29.1,0.0,False,7.41,8.6,8295.35,2025-04-01
EST_0303,24,Masculino,Psicología,Málaga,26.9,0.0,False,7.94,9.0,12198.44,2024-09-18
EST_0304,18,Masculino,Educación,Bilbao,1.7,6.6,True,6.78,5.8,4552.05,2025-04-13
EST_0305,26,Femenino,Medicina,Málaga,0.0,12.2,True,7.99,7.3,9949.53,2024-09-23
EST_0306,19,Masculino,Psicología,Bilbao,21.7,13.7,True,7.99,8.9,5515.65,2024-11-26
EST_0307,22,Femenino,Medicina,Sevilla,17.3,0.0,False,5.71,5.5,4561.08,2025-06-19
EST_0308,18,Masculino,Medicina,Sevilla,22.7,0.0,False,7.74,6.8,5969.18,2025-04-29
EST_0309,23,Masculino,Educación,Valencia,51.3,0.0,False,7.86,8.0,10263.32,2025-02-23
EST_0310,24,Masculino,Administración,Madrid,1.5,13.9,True,6.44,6.1,8386.94,2025-01-23
EST_0311,21,Masculino,Derecho,Barcelona,22.3,0.0,False,5.32,3.6,,2024-08-11
EST_0312,24,Femenino,Psicología,Sevilla,21.7,0.0,False,7.56,8.1,12035.36,2025-03-27
EST_0313,20,Masculino,Derecho,Barcelona,12.4,0.0,False,6.09,5.5,1872.96,2025-01-30
EST_0314,28,Masculino,Administración,Bilbao,21.8,0.0,False,5.24,6.6,12783.14,2024-08-17
EST_0315,18,Masculino,Medicina,Málaga,26.2,0.0,False,5.26,,6857.58,2025-04-27
EST_0316,18,Femenino,Derecho,Madrid,24.4,0.0,False,6.42,5.9,17415.18,2025-07-03
EST_0317,23,Masculino,Medicina,Barcelona,44.4,0.0,False,9.64,9.6,7394.0,2024-09-22
EST_0318,20,Femenino,Educación,Málaga,38.0,15.2,True,8.95,9.7,7441.66,2025-01-22
EST_0319,23,Masculino,Educación,Madrid,19.5,0.0,False,4.83,5.9,17461.16,2025-02-05
EST_0320,20,Femenino,Derecho,Valencia,0.0,27.8,True,4.3,5.8,20513.76,2024-09-28
EST_0321,18,Masculino,Medicina,Barcelona,23.9,0.0,False,8.11,7.3,4231.88,2025-03-02
EST_0322,20,Masculino,Administración,Sevilla,45.4,15.6,True,8.36,8.3,11162.01,2025-03-04
EST_0323,19,Masculino,Derecho,Málaga,11.6,0.0,False,9.32,8.3,8041.36,2024-12-29
EST_0324,18,Masculino,Medicina,Valencia,21.2,0.0,False,8.36,7.9,15318.82,2025-05-19
EST_0325,19,Masculino,Medicina,Barcelona,10.1,0.0,False,7.1,6.4,,2025-07-19
EST_0326,18,Masculino,Derecho,Madrid,23.9,0.0,False,6.4,8.3,11813.97,2024-09-01
EST_0327,20,Femenino,Educación,Madrid,13.6,25.1,True,6.15,6.8,7174.19,2024-09-11
EST_0328,22,Femenino,Administración,Málaga,17.9,14.2,True,8.57,8.4,6628.91,2024-12-20
EST_0329,22,Masculino,Medicina,Valencia,32.5,18.0,True,6.34,5.8,3987.7,2024-12-23
EST_0330,20,Masculino,Derecho,Málaga,13.4,0.0,False,4.65,3.9,7002.31,2025-01-18
EST_0331,20,Femenino,Derecho,Barcelona,29.2,0.0,False,7.03,7.2,4595.36,2025-04-04
EST_0332,25,Masculino,Psicología,Valencia,23.9,0.0,False,5.65,6.4,13012.7,2025-01-09
EST_0333,19,Femenino,Psicología,Valencia,25.7,0.0,False,7.48,7.3,14703.69,2025-01-31
EST_0334,21,Masculino,Administración,Madrid,0.8,16.1,True,5.81,3.4,10149.03,2024-08-24
EST_0335,24,Masculino,Educación,Valencia,35.7,0.0,False,8.42,7.5,5332.31,2024-08-10
EST_0336,21,Masculino,Psicología,Málaga,27.8,0.0,False,6.77,7.8,7487.0,2024-08-15
EST_0337,21,Femenino,Educación,Bilbao,0.0,16.0,True,5.69,6.1,12570.37,2024-09-06
EST_0338,23,Masculino,Derecho,Madrid,51.5,0.0,False,7.98,10.0,12256.37,2024-09-04
EST_0339,20,Femenino,Ingeniería,Madrid,8.9,19.0,True,6.41,4.9,,2024-10-11
EST_0340,21,Femenino,Administración,Madrid,44.0,0.0,False,7.47,8.6,,2024-09-17
EST_0341,23,Masculino,Medicina,Madrid,22.6,0.0,False,5.05,4.6,11200.4,2024-10-03
EST_0342,23,Masculino,Derecho,Málaga,22.6,11.9,True,6.17,5.9,4255.2,2025-03-24
EST_0343,18,Femenino,Ingeniería,Barcelona,18.1,12.2,True,6.59,5.4,10220.85,2024-10-10
EST_0344,21,Femenino,Psicología,Valencia,38.3,8.1,True,6.38,5.7,5190.34,2025-03-03
EST_0345,18,Femenino,Medicina,Bilbao,23.0,0.0,False,8.78,10.0,5452.42,2025-04-22
EST_0346,23,Masculino,Medicina,Bilbao,23.8,0.0,False,6.67,5.5,6634.58,2025-02-24
EST_0347,22,Femenino,Derecho,Bilbao,29.8,0.0,False,9.41,8.9,13602.98,2024-12-12
EST_0348,18,Femenino,Psicología,Madrid,24.3,0.0,False,8.55,10.0,8682.88,2024-09-11
EST_0349,24,Femenino,Medicina,Barcelona,29.4,12.1,True,6.85,8.0,8702.84,2025-03-30
EST_0350,18,Femenino,Ingeniería,Sevilla,21.3,0.0,False,7.33,7.6,18523.74,2024-10-27
EST_0351,19,Femenino,Ingeniería,Madrid,20.5,15.0,True,9.02,10.0,19532.77,2024-08-16
EST_0352,18,Femenino,Ingeniería,Barcelona,24.0,0.0,False,7.61,4.7,11489.17,2024-09-12
EST_0353,21,Femenino,Ingeniería,Barcelona,19.4,0.0,False,9.09,9.7,11996.75,2024-11-04
EST_0354,23,Masculino,Medicina,Bilbao,18.2,0.0,False,10.0,9.7,6833.15,2024-12-28
EST_0355,21,Masculino,Psicología,Sevilla,0.0,0.0,False,4.95,5.9,4880.96,2025-05-23
EST_0356,24,Masculino,Administración,Madrid,37.1,0.0,False,8.62,7.9,17315.53,2025-02-16
EST_0357,23,Femenino,Educación,Málaga,24.9,0.0,False,4.72,5.7,9146.93,2024-08-05
EST_0358,18,Femenino,Derecho,Bilbao,6.9,17.9,True,6.7,5.9,24150.21,2025-03-01
EST_0359,23,Femenino,Administración,Valencia,7.7,21.6,True,7.76,6.8,10967.91,2024-12-17
EST_0360,22,Femenino,Psicología,Sevilla,11.6,16.1,True,8.17,8.5,4916.74,2025-03-25
EST_0361,25,Femenino,Ingeniería,Barcelona,4.4,0.0,False,8.91,7.5,8476.83,2024-11-17
EST_0362,19,Masculino,Administración,Sevilla,30.5,0.0,False,10.0,10.0,12209.19,2025-06-14
EST_0363,24,Masculino,Educación,Madrid,19.0,0.0,False,6.62,7.8,4448.45,2025-06-19
EST_0364,18,Masculino,Ingeniería,Sevilla,20.1,0.0,False,6.63,6.7,4012.7,2024-08-31
EST_0365,20,Masculino,Administración,Madrid,20.2,0.0,False,9.59,9.1,7753.92,2025-04-09
EST_0366,25,Femenino,Administración,Barcelona,26.9,0.0,False,5.8,4.0,8695.0,2024-08-12
EST_0367,26,Masculino,Ingeniería,Sevilla,27.8,19.7,True,7.75,8.7,24394.54,2025-05-13
EST_0368,20,Femenino,Psicología,Sevilla,26.0,0.0,False,9.78,9.5,7065.02,2025-07-23
EST_0369,21,Masculino,Psicología,Bilbao,6.6,23.4,True,5.52,6.7,5000.63,2025-01-11
EST_0370,18,Femenino,Administración,Bilbao,4.5,14.3,True,6.31,7.5,7359.46,2025-02-19
EST_0371,23,Masculino,Ingeniería,Sevilla,18.8,13.1,True,9.78,9.9,14325.23,2025-04-13
EST_0372,26,Masculino,Educación,Sevilla,12.5,0.0,False,7.08,7.7,,2024-11-09
EST_0373,18,Masculino,Educación,Sevilla,14.9,0.0,False,5.3,6.0,4190.05,2025-05-26
EST_0374,18,Femenino,Administración,Madrid,18.0,10.6,True,8.35,8.8,7299.39,2024-11-19
EST_0375,18,Masculino,Derecho,Málaga,34.4,1.9,True,10.0,9.3,8673.86,2024-12-01
EST_0376,22,Masculino,Medicina,Madrid,31.2,0.0,False,8.57,8.9,9469.45,2025-01-14
EST_0377,20,Femenino,Psicología,Madrid,27.6,12.3,True,8.37,7.8,6477.57,2025-06-21
EST_0378,24,Femenino,Educación,Bilbao,18.3,14.2,True,7.42,6.7,3746.58,2024-09-06
EST_0379,21,Masculino,Administración,Barcelona,38.8,14.5,True,7.93,8.2,6281.68,2025-05-26
EST_0380,18,Masculino,Medicina,Madrid,16.1,0.0,False,8.13,8.5,12684.58,2025-05-09
EST_0381,22,Otro,Psicología,Sevilla,26.2,0.0,False,8.92,7.2,9530.8,2024-10-24
EST_0382,21,Masculino,Derecho,Madrid,0.0,0.0,False,6.56,5.4,7128.31,2025-05-02
EST_0383,20,Femenino,Administración,Barcelona,29.4,0.0,False,8.96,10.0,8229.35,2024-11-24
EST_0384,20,Femenino,Ingeniería,Sevilla,22.0,0.0,False,6.31,,5316.67,2025-03-21
EST_0385,23,Masculino,Psicología,Madrid,36.4,12.3,True,8.31,9.7,13858.09,2025-06-11
EST_0386,21,Masculino,Educación,Barcelona,34.7,0.0,False,8.13,7.8,10531.25,2025-06-20
EST_0387,23,Femenino,Derecho,Valencia,33.0,0.0,False,6.99,7.9,10384.24,2025-01-03
EST_0388,18,Femenino,Educación,Sevilla,17.6,15.4,True,8.88,9.0,8810.34,2025-04-11
EST_0389,26,Otro,Psicología,Málaga,1.1,0.0,False,6.18,5.9,18092.88,2025-07-25
EST_0390,19,Masculino,Medicina,Valencia,6.4,11.0,True,8.02,8.1,4952.62,2024-12-21
EST_0391,18,Femenino,Derecho,Valencia,11.9,22.7,True,7.59,7.4,6423.44,2025-02-23
EST_0392,22,Femenino,Psicología,Madrid,21.6,0.0,False,7.55,7.4,14915.28,2024-12-13
EST_0393,18,Femenino,Psicología,Bilbao,13.5,0.0,False,8.32,8.5,10265.24,2025-07-23
EST_0394,20,Femenino,Educación,Bilbao,35.3,0.0,False,10.0,10.0,7913.41,2024-12-14
EST_0395,18,Masculino,Ingeniería,Sevilla,26.6,18.4,True,8.58,8.3,10891.32,2025-02-13
EST_0396,19,Femenino,Administración,Barcelona,18.3,0.0,False,8.6,6.9,6167.07,2025-05-07
EST_0397,21,Femenino,Medicina,Sevilla,45.6,0.0,False,8.38,8.8,7199.62,2025-01-20
EST_0398,20,Masculino,Psicología,Barcelona,24.5,0.0,False,6.79,9.6,9266.28,2025-06-19
EST_0399,22,Masculino,Medicina,Valencia,28.3,14.4,True,7.89,9.2,,2024-12-30
EST_0400,24,Masculino,Administración,Barcelona,18.7,0.0,False,7.41,7.4,4044.85,2025-02-01
EST_0401,25,Otro,Administración,Málaga,32.3,0.0,False,8.19,,7455.9,2024-11-11
EST_0402,20,Femenino,Administración,Valencia,19.4,0.0,False,7.28,8.0,14570.02,2024-09-11
EST_0403,21,Masculino,Derecho,Málaga,31.8,0.0,False,7.7,6.9,5223.21,2025-05-05
EST_0404,22,Masculino,Administración,Málaga,30.7,0.0,False,7.62,6.6,7458.12,2025-04-28
EST_0405,21,Masculino,Medicina,Bilbao,39.0,0.0,False,10.0,10.0,4775.72,2025-07-03
EST_0406,23,Femenino,Derecho,Madrid,16.8,0.0,False,6.48,5.3,3574.61,2025-07-26
EST_0407,24,Masculino,Administración,Sevilla,32.6,0.0,False,6.49,7.5,4459.26,2024-09-30
EST_0408,22,Femenino,Ingeniería,Barcelona,41.2,0.0,False,7.7,8.4,10259.21,2024-10-02
EST_0409,19,Femenino,Administración,Barcelona,34.9,8.7,True,8.17,7.8,10346.43,2024-10-13
EST_0410,18,Masculino,Educación,Málaga,30.9,8.1,True,8.58,10.0,30854.93,2024-08-06
EST_0411,18,Masculino,Psicología,Sevilla,35.7,0.0,False,7.55,9.6,14618.81,2025-05-04
EST_0412,25,Masculino,Psicología,Valencia,16.2,0.0,False,8.18,7.5,9030.31,2024-10-31
EST_0413,21,Masculino,Derecho,Bilbao,30.8,0.0,False,8.3,8.2,9949.47,2025-03-30
EST_0414,21,Femenino,Administración,Sevilla,28.6,0.0,False,5.9,,4745.27,2024-12-30
EST_0415,27,Femenino,Psicología,Barcelona,17.5,0.0,False,6.34,7.1,8509.17,2024-12-06
EST_0416,21,Masculino,Educación,Valencia,20.0,0.0,False,6.6,7.8,7136.29,2025-03-09
EST_0417,20,Femenino,Derecho,Madrid,32.2,5.3,True,9.49,10.0,7449.98,2025-02-16
EST_0418,20,Masculino,Derecho,Bilbao,26.0,0.0,False,7.67,7.3,12771.84,2025-07-17
EST_0419,18,Masculino,Psicología,Málaga,5.8,19.5,True,10.0,8.0,5838.98,2024-10-20
EST_0420,22,Femenino,Derecho,Valencia,47.7,0.0,False,6.76,6.8,18534.28,2024-10-22
EST_0421,20,Masculino,Psicología,Bilbao,24.0,0.0,False,7.26,8.7,5845.06,2025-01-04
EST_0422,22,Otro,Medicina,Madrid,18.0,0.0,False,6.95,8.4,11435.77,2024-10-23
EST_0423,20,Femenino,Medicina,Madrid,46.1,0.0,False,6.84,7.5,6892.99,2024-12-10
EST_0424,18,Masculino,Medicina,Valencia,34.6,0.0,False,5.66,5.9,4319.9,2025-05-26
EST_0425,24,Masculino,Psicología,Bilbao,25.1,0.0,False,6.14,5.7,8742.53,2025-03-07
EST_0426,22,Masculino,Medicina,Madrid,27.4,0.0,False,7.97,8.5,7365.51,2024-09-08
EST_0427,21,Femenino,Medicina,Madrid,28.3,0.0,False,6.25,5.1,14838.41,2024-11-22
EST_0428,25,Femenino,Educación,Bilbao,24.6,0.0,False,8.8,,11630.82,2024-08-21
EST_0429,22,Femenino,Administración,Málaga,28.6,0.0,False,6.1,6.8,13244.38,2025-06-10
EST_0430,20,Masculino,Derecho,Valencia,25.3,0.0,False,5.65,6.3,10503.2,2024-11-24
EST_0431,23,Femenino,Medicina,Sevilla,26.0,0.0,False,6.8,6.5,7201.48,2025-01-31
EST_0432,20,Femenino,Derecho,Barcelona,27.9,0.0,False,6.3,5.1,11553.78,2024-09-20
EST_0433,23,Masculino,Medicina,Barcelona,23.5,0.0,False,8.77,8.9,7654.06,2025-02-20
EST_0434,18,Femenino,Administración,Barcelona,24.7,0.0,False,9.13,10.0,7702.79,2025-04-18
EST_0435,18,Femenino,Ingeniería,Sevilla,21.9,0.0,False,7.57,6.3,11296.77,2024-10-10
EST_0436,18,Masculino,Medicina,Valencia,17.9,0.0,False,4.92,3.3,,2025-04-16
EST_0437,23,Masculino,Ingeniería,Bilbao,17.0,0.0,False,8.24,8.0,15681.03,2024-10-28
EST_0438,19,Femenino,Psicología,Barcelona,27.4,0.0,False,7.57,8.4,12858.42,2024-07-31
EST_0439,18,Femenino,Educación,Bilbao,10.8,18.4,True,6.73,6.8,17314.72,2025-02-13
EST_0440,22,Masculino,Medicina,Sevilla,23.0,0.0,False,9.36,9.5,10878.67,2025-03-27
EST_0441,20,Femenino,Educación,Barcelona,24.2,0.0,False,7.79,6.8,10478.68,2024-10-20
EST_0442,24,Masculino,Educación,Bilbao,19.6,2.1,True,8.27,7.6,4124.59,2025-03-04
EST_0443,21,Masculino,Derecho,Madrid,38.6,0.0,False,10.0,10.0,5978.93,2025-02-22
EST_0444,18,Masculino,Educación,Madrid,21.3,0.0,False,7.01,8.0,12496.56,2024-12-20
EST_0445,19,Masculino,Medicina,Málaga,15.3,0.0,False,7.24,6.6,6528.94,2024-12-14
EST_0446,23,Masculino,Psicología,Málaga,16.6,23.8,True,6.6,6.0,1268.51,2024-11-20
EST_0447,23,Femenino,Derecho,Bilbao,18.3,0.0,False,8.33,8.3,19597.46,2024-10-20
EST_0448,20,Femenino,Derecho,Barcelona,36.0,0.0,False,7.31,8.8,14202.7,2024-10-15
EST_0449,18,Femenino,Medicina,Sevilla,27.0,26.0,True,7.42,8.0,7311.37,2024-08-09
EST_0450,25,Femenino,Psicología,Bilbao,28.7,0.0,False,9.52,10.0,13758.2,2025-05-02
EST_0451,22,Masculino,Administración,Málaga,22.6,0.0,False,5.93,7.0,6993.75,2024-09-21
EST_0452,26,Femenino,Psicología,Barcelona,20.3,19.4,True,9.82,7.6,4451.59,2025-01-23
EST_0453,21,Femenino,Ingeniería,Bilbao,4.0,0.0,False,6.9,6.8,10757.79,2025-07-17
EST_0454,18,Masculino,Educación,Madrid,23.3,0.0,False,5.67,4.7,5349.99,2025-01-13
EST_0455,22,Masculino,Ingeniería,Barcelona,19.4,0.0,False,7.5,8.3,8645.29,2024-08-29
EST_0456,20,Femenino,Ingeniería,Barcelona,0.0,21.4,True,5.71,3.9,13679.8,2024-12-16
EST_0457,22,Femenino,Derecho,Madrid,34.0,0.0,False,8.06,8.1,7125.27,2025-06-21
EST_0458,18,Femenino,Educación,Málaga,33.6,0.0,False,9.41,9.8,21573.85,2025-05-25
EST_0459,18,Femenino,Administración,Barcelona,32.4,0.0,False,7.45,5.5,12964.76,2025-04-23
EST_0460,20,Femenino,Medicina,Málaga,27.9,0.0,False,7.02,6.8,10990.24,2024-08-30
EST_0461,18,Masculino,Educación,Valencia,37.6,8.8,True,7.11,8.1,11980.74,2025-04-15
EST_0462,18,Femenino,Medicina,Barcelona,4.2,8.6,True,5.4,4.0,18997.28,2024-08-07
EST_0463,19,Femenino,Medicina,Bilbao,25.7,0.0,False,6.9,7.4,9174.31,2024-12-08
EST_0464,22,Femenino,Psicología,Bilbao,39.0,0.0,False,8.81,7.1,7873.22,2024-12-03
EST_0465,18,Masculino,Educación,Madrid,4.0,0.0,False,4.75,5.7,8433.06,2024-10-21
EST_0466,18,Masculino,Psicología,Valencia,31.7,0.0,False,8.55,8.7,10511.77,2025-06-27
EST_0467,23,Femenino,Ingeniería,Valencia,38.9,0.0,False,9.6,9.6,11112.87,2025-05-12
EST_0468,22,Femenino,Ingeniería,Málaga,17.5,0.0,False,6.62,7.7,8669.39,2025-05-28
EST_0469,21,Masculino,Ingeniería,Madrid,37.1,0.0,False,10.0,9.1,5389.16,2025-01-03
EST_0470,25,Masculino,Ingeniería,Málaga,13.7,0.0,False,5.94,4.7,6585.9,2025-04-30
EST_0471,19,Femenino,Psicología,Madrid,20.5,0.0,False,7.5,7.9,13632.55,2025-03-26
EST_0472,18,Femenino,Educación,Málaga,15.8,0.0,False,8.44,7.6,4730.38,2025-06-10
EST_0473,20,Femenino,Psicología,Sevilla,19.4,25.3,True,9.01,7.0,2220.46,2025-06-15
EST_0474,20,Femenino,Medicina,Málaga,34.6,0.0,False,9.06,7.7,6811.73,2024-12-13
EST_0475,25,Masculino,Psicología,Málaga,25.4,16.5,True,8.94,8.2,18648.23,2025-03-22
EST_0476,28,Femenino,Administración,Madrid,16.1,0.0,False,9.85,8.5,6137.37,2024-09-28
EST_0477,22,Femenino,Medicina,Barcelona,6.6,15.4,True,4.7,3.1,4473.5,2024-11-13
EST_0478,20,Femenino,Administración,Sevilla,31.9,16.8,True,9.52,10.0,6161.33,2024-08-26
EST_0479,24,Masculino,Ingeniería,Madrid,41.3,0.0,False,10.0,9.2,4821.89,2025-06-16
EST_0480,23,Femenino,Medicina,Barcelona,38.6,0.0,False,6.05,7.0,17798.46,2025-06-09
EST_0481,23,Femenino,Psicología,Bilbao,13.6,13.4,True,5.94,3.8,,2025-06-10
EST_0482,18,Masculino,Ingeniería,Valencia,41.8,7.4,True,7.22,7.0,5835.91,2025-03-18
EST_0483,21,Femenino,Administración,Madrid,23.2,0.0,False,6.09,6.8,13194.66,2025-04-08
EST_0484,23,Otro,Ingeniería,Bilbao,7.5,0.0,False,7.07,6.8,9210.37,2024-09-24
EST_0485,25,Femenino,Administración,Barcelona,32.7,0.0,False,6.84,7.3,3460.09,2025-04-13
EST_0486,20,Masculino,Ingeniería,Bilbao,25.3,0.0,False,4.83,5.2,8811.25,2025-07-27
EST_0487,25,Femenino,Ingeniería,Sevilla,26.1,0.0,False,7.52,6.6,7367.84,2025-07-18
EST_0488,18,Femenino,Administración,Valencia,20.8,0.0,False,7.55,8.9,8322.02,2024-10-11
EST_0489,19,Otro,Educación,Málaga,19.4,0.0,False,7.84,7.2,5144.15,2025-07-20
EST_0490,27,Femenino,Administración,Barcelona,22.6,0.0,False,5.48,6.5,19123.35,2025-04-04
EST_0491,26,Femenino,Psicología,Bilbao,26.6,0.0,False,6.58,6.7,4001.69,2024-10-23
EST_0492,24,Femenino,Medicina,Barcelona,28.1,0.0,False,4.22,3.8,10584.89,2025-01-27
EST_0493,22,Masculino,Derecho,Madrid,24.1,0.0,False,6.4,6.3,,2025-06-13
EST_0494,19,Femenino,Derecho,Barcelona,39.4,23.2,True,9.41,9.3,7685.62,2024-12-30
EST_0495,18,Masculino,Psicología,Valencia,31.9,0.0,False,6.91,6.8,14647.04,2024-10-10
EST_0496,18,Femenino,Psicología,Valencia,8.2,25.1,True,9.36,9.7,9204.83,2024-09-27
EST_0497,23,Femenino,Educación,Barcelona,16.4,0.0,False,5.85,5.6,8053.69,2025-05-05
EST_0498,26,Masculino,Ingeniería,Madrid,25.4,24.0,True,7.38,7.3,4682.94,2024-11-24
EST_0499,23,Femenino,Psicología,Málaga,26.4,15.7,True,7.78,7.5,14114.93,2025-05-14
EST_0500,19,Masculino,Educación,Madrid,21.4,0.0,False,6.02,8.1,5214.27,2025-05-28
