fecha,producto,region,vendedor,cantidad,precio_unitario,descuento_aplicado,ventas_total,mes,trimestre
2025-04-16,Auriculares,Centro,Vendedor_15,2,56.48,0.223,87.74,4,2
2025-02-26,Tablet,Centro,Vendedor_2,3,391.38,0.0,1174.15,2,1
2024-09-17,Teclado,Centro,Vendedor_12,2,30.13,0.0,60.27,9,3
2025-02-03,Teclado,Este,Vendedor_12,3,27.43,0.0,82.3,2,1
2025-02-11,Smartphone,Oeste,Vendedor_14,1,351.98,0.0,351.98,2,1
2024-11-06,Mouse,Este,Vendedor_14,4,23.79,0.0,95.16,11,4
2025-01-18,Smartphone,Sur,Vendedor_12,1,459.08,0.0,459.08,1,1
2024-10-05,Monitor,Centro,Vendedor_18,2,206.85,0.0,413.71,10,4
2025-06-17,Monitor,Centro,Vendedor_1,2,198.26,0.09,360.92,6,2
2024-10-12,Tablet,Centro,Vendedor_10,1,283.48,0.223,220.37,10,4
2025-06-25,Mouse,Centro,Vendedor_3,6,13.7,0.0,82.22,6,2
2025-01-02,Mouse,Sur,Vendedor_10,4,22.55,0.0,90.21,1,1
2024-12-09,Monitor,Este,Vendedor_4,4,205.43,0.141,705.61,12,4
2024-08-22,Teclado,Este,Vendedor_7,4,33.65,0.0,134.59,8,3
2025-01-11,Tablet,Norte,Vendedor_5,1,234.22,0.0,234.22,1,1
2024-12-07,Auriculares,Norte,Vendedor_17,3,59.15,0.0,177.45,12,4
2025-05-08,Tablet,Norte,Vendedor_2,1,260.45,0.0,260.45,5,2
2025-03-20,Monitor,Oeste,Vendedor_6,1,200.16,0.0,200.16,3,1
2025-03-27,Laptop,Centro,Vendedor_20,3,792.74,0.0,2378.21,3,1
2024-11-11,Auriculares,Oeste,Vendedor_4,1,52.17,0.0,52.17,11,4
2024-08-10,Mouse,Oeste,Vendedor_9,3,16.32,0.235,37.46,8,3
2025-04-20,Mouse,Oeste,Vendedor_16,5,26.2,0.0,131.0,4,2
2025-07-19,Laptop,Este,Vendedor_19,4,883.51,0.0,3534.04,7,3
2024-08-22,Teclado,Este,Vendedor_16,3,31.78,0.0,95.35,8,3
2024-09-21,Tablet,Centro,Vendedor_9,1,220.2,0.0,220.2,9,3
2025-03-22,Laptop,Oeste,Vendedor_19,2,795.95,0.0,1591.91,3,1
2025-06-07,Teclado,Este,Vendedor_2,5,37.8,0.0,189.01,6,2
2025-02-06,Auriculares,Centro,Vendedor_14,3,36.56,0.0,109.69,2,1
2025-01-28,Mouse,Este,Vendedor_1,3,19.13,0.0,57.39,1,1
2025-06-04,Smartphone,Este,Vendedor_8,1,361.98,0.0,361.98,6,2
2025-02-27,Smartphone,Este,Vendedor_10,3,428.62,0.0,1285.87,2,1
2024-08-07,Smartphone,Norte,Vendedor_13,1,444.86,0.176,366.75,8,3
2024-11-06,Teclado,Oeste,Vendedor_19,3,23.08,0.0,69.25,11,4
2025-03-25,Teclado,Sur,Vendedor_17,1,21.0,0.0,21.0,3,1
2025-04-18,Laptop,Centro,Vendedor_12,2,792.38,0.0,1584.75,4,2
2024-09-23,Monitor,Sur,Vendedor_10,1,220.75,0.0,220.75,9,3
2025-04-27,Smartphone,Sur,Vendedor_5,1,542.5,0.0,542.5,4,2
2025-04-23,Teclado,Norte,Vendedor_8,7,25.94,0.0,181.55,4,2
2025-05-03,Laptop,Centro,Vendedor_14,1,911.85,0.0,911.85,5,2
2024-11-20,Smartphone,Centro,Vendedor_4,1,447.99,0.0,447.99,11,4
2025-04-23,Laptop,Centro,Vendedor_13,3,767.61,0.0,2302.82,4,2
2025-01-30,Tablet,Centro,Vendedor_12,3,303.65,0.0,910.96,1,1
2025-04-24,Teclado,Sur,Vendedor_19,5,20.74,0.0,103.69,4,2
2025-04-05,Monitor,Este,Vendedor_4,3,244.68,0.0,734.03,4,2
2024-12-13,Laptop,Este,Vendedor_16,3,741.16,0.0,2223.47,12,4
2024-10-22,Laptop,Este,Vendedor_9,2,712.36,0.0,1424.73,10,4
2025-01-22,Tablet,Norte,Vendedor_4,4,283.74,0.0,1134.95,1,1
2025-07-03,Auriculares,Este,Vendedor_4,7,43.87,0.0,307.08,7,3
2024-08-31,Smartphone,Oeste,Vendedor_9,1,449.11,0.19,363.69,8,3
2024-10-18,Smartphone,Sur,Vendedor_5,2,508.63,0.0,1017.26,10,4
2024-08-20,Auriculares,Norte,Vendedor_7,5,42.82,0.0,214.08,8,3
2024-12-20,Teclado,Sur,Vendedor_20,2,28.72,0.0,57.44,12,4
2024-08-14,Teclado,Norte,Vendedor_17,6,30.34,0.0,182.07,8,3
2025-02-14,Tablet,Este,Vendedor_20,1,249.35,0.0,249.35,2,1
2025-03-07,Mouse,Norte,Vendedor_3,3,19.56,0.0,58.67,3,1
2025-01-31,Auriculares,Oeste,Vendedor_5,8,59.76,0.0,478.1,1,1
2025-05-07,Tablet,Centro,Vendedor_15,1,308.52,0.0,308.52,5,2
2025-03-04,Mouse,Norte,Vendedor_11,7,24.15,0.0,169.04,3,1
2025-07-22,Auriculares,Norte,Vendedor_5,5,65.16,0.0,325.81,7,3
2024-10-13,Smartphone,Oeste,Vendedor_8,1,425.0,0.0,425.0,10,4
2024-11-11,Tablet,Sur,Vendedor_12,2,266.2,0.0,532.41,11,4
2025-04-16,Teclado,Oeste,Vendedor_2,4,45.24,0.0,180.94,4,2
2025-02-12,Laptop,Oeste,Vendedor_10,3,527.46,0.0,1582.38,2,1
2024-11-30,Tablet,Este,Vendedor_15,1,296.67,0.08,272.82,11,4
2025-07-20,Auriculares,Oeste,Vendedor_3,5,50.44,0.0,252.19,7,3
2024-09-05,Laptop,Centro,Vendedor_9,1,971.79,0.0,971.79,9,3
2024-12-22,Monitor,Este,Vendedor_9,2,198.33,0.0,396.67,12,4
2024-08-25,Smartphone,Oeste,Vendedor_1,1,327.99,0.0,327.99,8,3
2024-09-28,Mouse,Sur,Vendedor_14,1,26.58,0.0,26.58,9,3
2025-04-08,Mouse,Este,Vendedor_15,1,19.0,0.0,19.0,4,2
2025-07-13,Laptop,Centro,Vendedor_10,1,990.34,0.0,990.34,7,3
2025-07-15,Auriculares,Norte,Vendedor_4,5,52.23,0.0,261.17,7,3
2024-12-04,Tablet,Sur,Vendedor_9,2,342.69,0.0,685.37,12,4
2024-10-12,Monitor,Centro,Vendedor_6,1,188.42,0.0,188.42,10,4
2024-09-13,Teclado,Norte,Vendedor_3,3,15.0,0.0,45.0,9,3
2025-03-16,Teclado,Norte,Vendedor_6,6,34.11,0.0,204.65,3,1
2024-10-26,Auriculares,Norte,Vendedor_20,4,45.41,0.0,181.66,10,4
2025-02-17,Teclado,Sur,Vendedor_10,40,28.16,0.078,1038.79,2,1
2024-11-05,Tablet,Este,Vendedor_17,4,327.09,0.0,1308.36,11,4
2024-09-11,Teclado,Oeste,Vendedor_8,6,33.86,0.0,203.18,9,3
2025-04-30,Monitor,Sur,Vendedor_18,2,190.0,0.0,379.99,4,2
2025-03-07,Laptop,Norte,Vendedor_17,2,1008.17,0.0,2016.34,3,1
2025-06-19,Tablet,Este,Vendedor_7,1,354.97,0.0,354.97,6,2
2024-12-09,Tablet,Oeste,Vendedor_6,4,365.42,0.0,1461.69,12,4
2025-07-23,Tablet,Sur,Vendedor_1,2,305.22,0.0,610.44,7,3
2025-03-14,Monitor,Centro,Vendedor_15,2,162.11,0.17,269.2,3,1
2024-10-19,Tablet,Este,Vendedor_5,2,229.33,0.0,458.67,10,4
2025-04-15,Teclado,Sur,Vendedor_1,1,25.92,0.0,25.92,4,2
2024-08-06,Auriculares,Centro,Vendedor_5,7,42.1,0.247,221.89,8,3
2025-01-27,Mouse,Norte,Vendedor_1,5,21.89,0.0,109.43,1,1
2025-04-02,Smartphone,Norte,Vendedor_3,2,468.18,0.0,936.36,4,2
2025-07-11,Tablet,Este,Vendedor_12,2,160.76,0.0,321.51,7,3
2024-08-18,Laptop,Norte,Vendedor_11,2,637.25,0.0,1274.5,8,3
2025-01-20,Laptop,Norte,Vendedor_13,2,882.67,0.0,1765.33,1,1
2025-02-20,Monitor,Norte,Vendedor_13,2,243.44,0.0,486.89,2,1
2025-04-06,Smartphone,Este,Vendedor_4,1,368.43,0.0,368.43,4,2
2024-10-13,Smartphone,Sur,Vendedor_19,1,311.15,0.0,311.15,10,4
2024-08-13,Laptop,Norte,Vendedor_3,1,1080.36,0.0,1080.36,8,3
2025-06-04,Laptop,Centro,Vendedor_3,4,822.91,0.0,3291.66,6,2
2025-02-13,Teclado,Centro,Vendedor_14,3,35.87,0.092,97.75,2,1
2025-06-22,Monitor,Oeste,Vendedor_18,2,150.34,0.0,300.68,6,2
2024-11-14,Teclado,Norte,Vendedor_2,5,25.1,0.0,125.51,11,4
2024-12-25,Laptop,Sur,Vendedor_19,2,1072.23,0.0,2144.46,12,4
2025-07-24,Smartphone,Sur,Vendedor_13,4,407.02,0.0,1628.06,7,3
2025-06-24,Laptop,Centro,Vendedor_6,1,724.94,0.23,558.2,6,2
2025-02-10,Smartphone,Oeste,Vendedor_13,2,442.15,0.0,884.31,2,1
2025-01-19,Smartphone,Sur,Vendedor_11,5,382.0,0.0,1910.0,1,1
2024-09-19,Laptop,Sur,Vendedor_4,2,993.21,0.0,1986.43,9,3
2024-07-28,Tablet,Sur,Vendedor_9,1,278.87,0.0,278.87,7,3
2025-04-15,Smartphone,Norte,Vendedor_7,1,419.4,0.05,398.24,4,2
2025-04-17,Smartphone,Oeste,Vendedor_19,4,478.86,0.242,1452.6,4,2
2025-03-01,Laptop,Centro,Vendedor_16,2,704.89,0.0,1409.77,3,1
2024-07-28,Smartphone,Sur,Vendedor_16,1,465.48,0.0,465.48,7,3
2025-02-02,Smartphone,Este,Vendedor_18,2,410.71,0.0,821.42,2,1
2025-04-16,Laptop,Este,Vendedor_12,2,633.2,0.0,1266.4,4,2
2024-08-13,Teclado,Norte,Vendedor_13,5,37.67,0.0,188.34,8,3
2024-11-23,Monitor,Centro,Vendedor_18,2,179.31,0.0,358.62,11,4
2024-11-04,Teclado,Norte,Vendedor_7,3,38.46,0.0,115.37,11,4
2024-09-07,Smartphone,Centro,Vendedor_16,2,245.31,0.0,490.61,9,3
2025-01-11,Mouse,Este,Vendedor_13,3,15.17,0.0,45.51,1,1
2024-09-21,Monitor,Este,Vendedor_13,5,183.37,0.0,916.83,9,3
2024-11-29,Monitor,Este,Vendedor_10,2,195.84,0.0,391.68,11,4
2024-12-13,Teclado,Centro,Vendedor_15,4,29.2,0.0,116.81,12,4
2025-06-18,Laptop,Centro,Vendedor_11,1,980.11,0.0,980.11,6,2
2024-09-03,Tablet,Centro,Vendedor_16,1,249.55,0.0,249.55,9,3
2025-05-08,Smartphone,Centro,Vendedor_19,2,399.34,0.0,798.68,5,2
2024-12-03,Laptop,Este,Vendedor_16,4,949.28,0.0,3797.12,12,4
2025-01-21,Mouse,Centro,Vendedor_11,4,21.69,0.0,86.75,1,1
2025-06-19,Mouse,Sur,Vendedor_4,3,26.27,0.0,78.81,6,2
2024-08-02,Mouse,Sur,Vendedor_13,4,21.37,0.0,85.49,8,3
2025-05-29,Mouse,Centro,Vendedor_4,5,22.07,0.065,103.21,5,2
2024-10-31,Mouse,Centro,Vendedor_12,4,17.5,0.115,61.97,10,4
2025-05-31,Mouse,Sur,Vendedor_2,4,14.21,0.186,46.26,5,2
2025-07-01,Tablet,Norte,Vendedor_12,1,168.07,0.0,168.07,7,3
2024-08-05,Tablet,Oeste,Vendedor_6,1,279.38,0.0,279.38,8,3
2025-02-16,Monitor,Este,Vendedor_17,2,261.97,0.0,523.94,2,1
2025-05-17,Auriculares,Norte,Vendedor_17,1,66.27,0.0,66.27,5,2
2025-07-04,Auriculares,Sur,Vendedor_3,3,25.19,0.0,75.56,7,3
2024-08-22,Auriculares,Norte,Vendedor_6,6,44.26,0.0,265.57,8,3
2024-08-24,Teclado,Este,Vendedor_13,7,27.21,0.0,190.5,8,3
2024-09-21,Teclado,Oeste,Vendedor_20,3,37.1,0.0,111.3,9,3
2025-05-12,Auriculares,Sur,Vendedor_7,4,43.39,0.0,173.57,5,2
2024-09-26,Tablet,Centro,Vendedor_3,3,312.63,0.0,937.9,9,3
2024-08-14,Teclado,Oeste,Vendedor_15,4,35.28,0.0,141.13,8,3
2025-07-25,Mouse,Norte,Vendedor_10,5,26.74,0.0,133.71,7,3
2024-12-19,Mouse,Centro,Vendedor_19,2,18.16,0.0,36.32,12,4
2024-09-19,Laptop,Este,Vendedor_3,1,771.9,0.0,771.9,9,3
2024-08-30,Laptop,Centro,Vendedor_20,3,678.46,0.0,2035.38,8,3
2025-04-23,Laptop,Oeste,Vendedor_2,3,972.59,0.0,2917.77,4,2
2024-11-02,Tablet,Centro,Vendedor_18,3,297.69,0.0,893.07,11,4
2025-05-02,Smartphone,Oeste,Vendedor_14,1,397.96,0.0,397.96,5,2
2024-12-09,Laptop,Oeste,Vendedor_2,1,987.64,0.0,987.64,12,4
2025-06-30,Smartphone,Este,Vendedor_5,2,401.35,0.0,802.7,6,2
2025-07-18,Tablet,Sur,Vendedor_10,2,294.37,0.0,588.75,7,3
2025-07-27,Laptop,Oeste,Vendedor_11,3,935.53,0.0,2806.6,7,3
2025-04-11,Tablet,Centro,Vendedor_20,1,373.35,0.156,315.02,4,2
2024-10-16,Laptop,Este,Vendedor_6,2,830.55,0.0,1661.1,10,4
2025-03-24,Smartphone,Norte,Vendedor_18,3,328.43,0.0,985.3,3,1
2024-10-07,Auriculares,Centro,Vendedor_20,4,40.62,0.0,162.46,10,4
2025-05-03,Mouse,Sur,Vendedor_1,8,22.58,0.0,180.62,5,2
2024-10-12,Laptop,Este,Vendedor_16,2,880.95,0.0,1761.9,10,4
2025-05-26,Laptop,Norte,Vendedor_9,3,958.46,0.0,2875.37,5,2
2025-04-21,Monitor,Oeste,Vendedor_6,2,236.06,0.0,472.12,4,2
2024-09-21,Mouse,Norte,Vendedor_15,5,19.44,0.0,97.22,9,3
2024-10-10,Auriculares,Sur,Vendedor_11,5,66.42,0.0,332.1,10,4
2025-02-24,Laptop,Oeste,Vendedor_5,2,961.57,0.0,1923.14,2,1
2024-08-19,Teclado,Sur,Vendedor_12,3,34.55,0.0,103.66,8,3
2024-10-11,Teclado,Centro,Vendedor_4,3,31.69,0.0,95.06,10,4
2025-03-06,Smartphone,Oeste,Vendedor_18,3,425.3,0.0,1275.89,3,1
2025-02-19,Mouse,Norte,Vendedor_10,4,19.73,0.0,78.94,2,1
2025-02-05,Smartphone,Este,Vendedor_13,2,496.49,0.0,992.98,2,1
2025-03-29,Monitor,Sur,Vendedor_8,3,215.36,0.0,646.08,3,1
2025-04-19,Auriculares,Sur,Vendedor_18,3,44.32,0.0,132.97,4,2
2025-03-01,Laptop,Centro,Vendedor_15,1,869.15,0.0,869.15,3,1
2025-05-11,Monitor,Centro,Vendedor_2,2,226.68,0.0,453.36,5,2
2024-10-21,Auriculares,Este,Vendedor_4,4,34.5,0.229,106.43,10,4
2025-03-14,Laptop,Este,Vendedor_6,2,706.15,0.0,1412.3,3,1
2025-03-01,Teclado,Sur,Vendedor_3,4,28.81,0.0,115.26,3,1
2024-12-31,Tablet,Sur,Vendedor_20,2,305.79,0.0,611.57,12,4
2025-01-01,Smartphone,Norte,Vendedor_16,1,345.53,0.0,345.53,1,1
2025-07-25,Teclado,Centro,Vendedor_19,4,30.44,0.0,121.75,7,3
2024-10-29,Auriculares,Oeste,Vendedor_2,2,57.8,0.0,115.6,10,4
2024-08-01,Monitor,Sur,Vendedor_9,1,252.4,0.0,252.4,8,3
2024-11-08,Tablet,Este,Vendedor_15,3,302.35,0.0,907.05,11,4
2025-05-07,Monitor,Este,Vendedor_10,2,210.7,0.131,366.36,5,2
2025-03-20,Tablet,Sur,Vendedor_14,4,319.3,0.0,1277.21,3,1
2024-10-31,Laptop,Centro,Vendedor_20,1,400.0,0.0,400.0,10,4
2025-07-03,Mouse,Oeste,Vendedor_13,5,20.26,0.0,101.28,7,3
2025-02-18,Monitor,Este,Vendedor_2,1,161.34,0.0,161.34,2,1
2025-03-20,Teclado,Este,Vendedor_18,2,32.5,0.0,65.01,3,1
2025-04-20,Monitor,Norte,Vendedor_14,1,212.1,0.0,212.1,4,2
2024-10-28,Monitor,Oeste,Vendedor_20,1,174.88,0.0,174.88,10,4
2025-01-31,Mouse,Centro,Vendedor_20,4,26.86,0.0,107.43,1,1
2025-01-26,Smartphone,Este,Vendedor_6,1,315.25,0.0,315.25,1,1
2025-05-24,Monitor,Centro,Vendedor_18,1,152.22,0.124,133.3,5,2
2025-01-18,Monitor,Oeste,Vendedor_4,2,220.51,0.0,441.03,1,1
2024-12-19,Auriculares,Centro,Vendedor_6,2,54.95,0.0,109.89,12,4
2025-03-20,Auriculares,Centro,Vendedor_1,2,48.83,0.0,97.67,3,1
2025-01-06,Mouse,Sur,Vendedor_8,2,21.11,0.0,42.21,1,1
2025-05-02,Monitor,Centro,Vendedor_8,1,231.98,0.0,231.98,5,2
2025-02-26,Laptop,Centro,Vendedor_20,1,671.6,0.0,671.6,2,1
2025-06-30,Tablet,Este,Vendedor_5,3,377.93,0.0,1133.79,6,2
2024-12-20,Laptop,Norte,Vendedor_9,1,599.59,0.0,599.59,12,4
2025-02-09,Laptop,Sur,Vendedor_18,1,719.61,0.145,615.36,2,1
2024-11-01,Monitor,Oeste,Vendedor_2,2,185.4,0.0,370.8,11,4
2025-03-26,Smartphone,Norte,Vendedor_18,2,332.86,0.089,606.15,3,1
2025-03-28,Teclado,Norte,Vendedor_12,7,29.0,0.0,202.98,3,1
2025-07-06,Auriculares,Centro,Vendedor_13,2,52.83,0.0,105.65,7,3
2025-04-24,Mouse,Este,Vendedor_12,5,21.24,0.0,106.18,4,2
2025-03-22,Monitor,Sur,Vendedor_16,4,268.09,0.0,1072.35,3,1
2024-08-08,Tablet,Norte,Vendedor_10,3,345.55,0.0,1036.66,8,3
2024-12-06,Smartphone,Sur,Vendedor_12,2,446.71,0.0,893.42,12,4
2025-05-14,Tablet,Este,Vendedor_5,30,282.74,0.183,6933.39,5,2
2024-08-03,Monitor,Sur,Vendedor_6,1,162.34,0.0,162.34,8,3
2024-10-28,Mouse,Oeste,Vendedor_14,3,17.85,0.0,53.55,10,4
2025-02-19,Auriculares,Oeste,Vendedor_19,2,53.03,0.117,93.67,2,1
2025-04-02,Mouse,Oeste,Vendedor_19,3,15.43,0.0,46.3,4,2
2024-11-19,Mouse,Este,Vendedor_13,4,19.23,0.0,76.9,11,4
2025-03-26,Tablet,Norte,Vendedor_16,2,318.23,0.0,636.45,3,1
2025-04-01,Monitor,Norte,Vendedor_13,2,144.93,0.0,289.86,4,2
2025-05-20,Monitor,Centro,Vendedor_20,2,192.32,0.196,309.4,5,2
2025-03-21,Laptop,Oeste,Vendedor_6,1,1022.48,0.0,1022.48,3,1
2025-06-01,Mouse,Oeste,Vendedor_4,6,16.18,0.0,97.1,6,2
2025-04-12,Auriculares,Sur,Vendedor_11,3,40.46,0.0,121.39,4,2
2025-02-18,Tablet,Oeste,Vendedor_15,4,284.5,0.0,1137.98,2,1
2025-05-02,Smartphone,Centro,Vendedor_17,3,474.14,0.0,1422.41,5,2
2025-01-31,Monitor,Oeste,Vendedor_10,3,210.56,0.0,631.67,1,1
2025-05-03,Laptop,Norte,Vendedor_2,1,705.52,0.0,705.52,5,2
2024-08-21,Monitor,Sur,Vendedor_16,3,191.97,0.0,575.9,8,3
2024-10-07,Auriculares,Este,Vendedor_10,7,48.58,0.0,340.08,10,4
2024-12-08,Monitor,Oeste,Vendedor_14,3,188.33,0.143,484.31,12,4
2025-04-22,Smartphone,Oeste,Vendedor_3,1,274.94,0.0,274.94,4,2
2025-01-31,Tablet,Este,Vendedor_5,3,190.15,0.0,570.46,1,1
2024-12-02,Smartphone,Sur,Vendedor_20,2,416.05,0.0,832.1,12,4
2024-10-18,Smartphone,Este,Vendedor_8,1,603.49,0.0,603.49,10,4
2025-02-02,Tablet,Centro,Vendedor_4,4,310.97,0.0,1243.87,2,1
2025-03-21,Mouse,Centro,Vendedor_13,2,21.56,0.0,43.12,3,1
2025-03-17,Tablet,Centro,Vendedor_9,3,253.66,0.0,760.97,3,1
2024-07-29,Auriculares,Norte,Vendedor_2,3,51.34,0.194,124.17,7,3
2025-06-24,Laptop,Este,Vendedor_15,1,818.05,0.0,818.05,6,2
2025-02-28,Laptop,Centro,Vendedor_12,2,864.6,0.0,1729.19,2,1
2024-11-22,Auriculares,Norte,Vendedor_20,4,49.76,0.0,199.03,11,4
2024-10-07,Mouse,Centro,Vendedor_3,5,17.99,0.0,89.94,10,4
2025-03-16,Tablet,Este,Vendedor_2,2,386.64,0.0,773.28,3,1
2025-06-23,Tablet,Este,Vendedor_20,1,297.04,0.0,297.04,6,2
2025-05-06,Teclado,Este,Vendedor_3,3,28.18,0.0,84.55,5,2
2024-11-19,Auriculares,Norte,Vendedor_19,2,53.67,0.144,91.91,11,4
2025-01-06,Monitor,Este,Vendedor_9,1,273.53,0.0,273.53,1,1
2025-05-21,Auriculares,Sur,Vendedor_9,6,38.02,0.0,228.11,5,2
2024-11-15,Monitor,Centro,Vendedor_16,3,149.07,0.232,343.5,11,4
2024-12-24,Laptop,Centro,Vendedor_15,1,620.73,0.0,620.73,12,4
2025-07-07,Tablet,Oeste,Vendedor_19,1,293.4,0.0,293.4,7,3
2025-05-13,Monitor,Este,Vendedor_12,3,204.93,0.101,552.77,5,2
2024-11-02,Teclado,Sur,Vendedor_8,4,33.31,0.0,133.24,11,4
2024-12-03,Auriculares,Norte,Vendedor_13,1,61.59,0.0,61.59,12,4
2024-08-09,Smartphone,Centro,Vendedor_17,1,409.69,0.0,409.69,8,3
2024-12-07,Laptop,Centro,Vendedor_17,1,658.2,0.0,658.2,12,4
2025-01-17,Tablet,Este,Vendedor_11,1,316.12,0.0,316.12,1,1
2025-04-11,Tablet,Oeste,Vendedor_8,2,316.03,0.0,632.06,4,2
2024-11-20,Monitor,Norte,Vendedor_14,1,220.35,0.0,220.35,11,4
2025-02-03,Auriculares,Sur,Vendedor_18,3,47.31,0.0,141.94,2,1
2024-12-15,Auriculares,Sur,Vendedor_19,6,41.09,0.177,202.84,12,4
2025-06-19,Auriculares,Este,Vendedor_20,8,63.31,0.0,506.52,6,2
2025-05-27,Laptop,Norte,Vendedor_6,3,921.89,0.0,2765.67,5,2
2025-03-28,Teclado,Oeste,Vendedor_12,6,33.17,0.0,199.01,3,1
2025-02-11,Smartphone,Oeste,Vendedor_5,2,439.1,0.0,878.19,2,1
2024-10-26,Monitor,Sur,Vendedor_18,1,143.49,0.0,143.49,10,4
2024-10-07,Monitor,Sur,Vendedor_16,1,248.53,0.0,248.53,10,4
2025-04-06,Monitor,Sur,Vendedor_5,1,155.41,0.0,155.41,4,2
2024-12-06,Tablet,Sur,Vendedor_6,2,305.86,0.0,611.72,12,4
2025-03-25,Monitor,Sur,Vendedor_5,3,100.0,0.0,300.0,3,1
2025-04-10,Teclado,Oeste,Vendedor_5,3,22.68,0.0,68.03,4,2
2025-06-16,Smartphone,Centro,Vendedor_19,2,402.44,0.0,804.88,6,2
2025-04-27,Mouse,Centro,Vendedor_3,3,14.71,0.0,44.13,4,2
2024-08-24,Teclado,Norte,Vendedor_19,1,27.31,0.0,27.31,8,3
2025-03-03,Mouse,Este,Vendedor_2,4,14.9,0.0,59.59,3,1
2025-01-25,Auriculares,Norte,Vendedor_14,3,50.19,0.0,150.56,1,1
2025-05-14,Laptop,Este,Vendedor_11,2,904.59,0.0,1809.19,5,2
2024-12-21,Smartphone,Oeste,Vendedor_19,4,521.4,0.178,1714.29,12,4
2024-09-03,Tablet,Este,Vendedor_5,2,401.72,0.0,803.44,9,3
2025-07-06,Monitor,Este,Vendedor_3,1,169.08,0.0,169.08,7,3
2025-02-26,Tablet,Norte,Vendedor_15,2,324.42,0.0,648.85,2,1
2025-06-28,Mouse,Este,Vendedor_1,2,24.84,0.0,49.67,6,2
2025-01-08,Mouse,Norte,Vendedor_4,3,14.24,0.0,42.73,1,1
2024-11-10,Teclado,Este,Vendedor_3,3,42.66,0.224,99.33,11,4
2025-03-05,Mouse,Sur,Vendedor_10,3,23.14,0.0,69.42,3,1
2024-10-11,Mouse,Este,Vendedor_8,2,16.84,0.0,33.69,10,4
2024-12-07,Teclado,Centro,Vendedor_13,4,27.18,0.0,108.7,12,4
2025-05-15,Smartphone,Oeste,Vendedor_8,2,564.17,0.0,1128.35,5,2
2024-08-27,Teclado,Oeste,Vendedor_13,4,34.91,0.0,139.64,8,3
2025-03-23,Tablet,Norte,Vendedor_12,1,247.78,0.0,247.78,3,1
2024-12-26,Teclado,Norte,Vendedor_18,4,28.72,0.0,114.87,12,4
2025-04-12,Tablet,Norte,Vendedor_2,3,361.65,0.0,1084.94,4,2
2025-01-23,Mouse,Sur,Vendedor_1,5,17.35,0.0,86.73,1,1
2025-07-04,Auriculares,Este,Vendedor_17,5,53.98,0.0,269.89,7,3
2025-06-17,Tablet,Sur,Vendedor_14,2,309.47,0.0,618.93,6,2
2024-12-11,Monitor,Oeste,Vendedor_2,3,224.89,0.0,674.66,12,4
2025-02-16,Laptop,Oeste,Vendedor_18,3,617.79,0.0,1853.36,2,1
2025-05-24,Auriculares,Centro,Vendedor_11,3,44.56,0.0,133.68,5,2
2025-02-13,Teclado,Sur,Vendedor_17,3,29.02,0.0,87.07,2,1
2025-01-27,Auriculares,Centro,Vendedor_11,3,64.12,0.221,149.76,1,1
2025-02-08,Tablet,Norte,Vendedor_2,1,266.95,0.0,266.95,2,1
2025-02-25,Laptop,Sur,Vendedor_7,1,601.74,0.0,601.74,2,1
2025-03-15,Auriculares,Este,Vendedor_9,5,35.32,0.0,176.62,3,1
2025-02-21,Smartphone,Sur,Vendedor_13,1,385.93,0.0,385.93,2,1
2025-03-17,Auriculares,Sur,Vendedor_11,3,66.61,0.0,199.84,3,1
2024-07-31,Laptop,Sur,Vendedor_10,4,618.06,0.0,2472.23,7,3
2025-02-03,Auriculares,Oeste,Vendedor_15,2,40.61,0.0,81.21,2,1
2025-05-05,Auriculares,Norte,Vendedor_11,6,48.99,0.0,293.96,5,2
2025-05-11,Smartphone,Centro,Vendedor_3,1,356.49,0.0,356.49,5,2
2024-12-05,Auriculares,Norte,Vendedor_17,8,45.71,0.0,365.66,12,4
2024-09-20,Teclado,Sur,Vendedor_6,8,33.53,0.0,268.25,9,3
2024-08-10,Auriculares,Norte,Vendedor_11,4,40.44,0.121,142.11,8,3
2024-11-15,Tablet,Centro,Vendedor_10,1,328.34,0.0,328.34,11,4
2025-04-28,Teclado,Centro,Vendedor_3,3,50.98,0.062,143.51,4,2
2024-08-16,Teclado,Norte,Vendedor_18,9,21.22,0.0,190.98,8,3
2025-01-16,Laptop,Sur,Vendedor_13,3,741.67,0.0,2225.02,1,1
2025-04-10,Auriculares,Sur,Vendedor_8,6,35.38,0.0,212.31,4,2
2025-04-07,Mouse,Oeste,Vendedor_14,6,20.04,0.0,120.27,4,2
2025-01-28,Auriculares,Centro,Vendedor_5,5,57.1,0.0,285.48,1,1
2025-02-10,Mouse,Centro,Vendedor_20,5,22.72,0.0,113.59,2,1
2025-01-03,Laptop,Este,Vendedor_15,4,616.19,0.0,2464.77,1,1
2025-05-30,Mouse,Sur,Vendedor_10,6,13.01,0.0,78.04,5,2
2025-01-18,Laptop,Este,Vendedor_4,3,821.29,0.0,2463.88,1,1
2025-01-11,Laptop,Sur,Vendedor_7,1,733.16,0.078,675.65,1,1
2024-08-22,Auriculares,Centro,Vendedor_3,4,59.42,0.0,237.69,8,3
2024-10-30,Auriculares,Oeste,Vendedor_18,4,52.56,0.0,210.24,10,4
2025-02-10,Tablet,Centro,Vendedor_1,1,280.61,0.0,280.61,2,1
2024-11-30,Teclado,Este,Vendedor_19,3,24.02,0.0,72.06,11,4
2024-09-18,Monitor,Este,Vendedor_18,3,188.81,0.0,566.42,9,3
2025-04-06,Auriculares,Centro,Vendedor_11,6,46.33,0.117,245.57,4,2
2025-06-11,Mouse,Oeste,Vendedor_1,5,14.88,0.0,74.4,6,2
2025-06-29,Smartphone,Sur,Vendedor_9,2,293.73,0.0,587.47,6,2
2024-12-21,Laptop,Oeste,Vendedor_7,1,812.4,0.0,812.4,12,4
2025-01-01,Smartphone,Oeste,Vendedor_10,2,334.61,0.0,669.22,1,1
2025-06-17,Teclado,Oeste,Vendedor_12,2,32.61,0.0,65.23,6,2
2024-09-08,Teclado,Este,Vendedor_10,4,41.69,0.0,166.77,9,3
2024-11-04,Monitor,Este,Vendedor_19,2,177.66,0.0,355.32,11,4
2025-07-03,Monitor,Oeste,Vendedor_1,1,201.75,0.0,201.75,7,3
2025-05-16,Monitor,Sur,Vendedor_6,2,189.77,0.137,327.64,5,2
2024-08-21,Mouse,Norte,Vendedor_15,2,18.25,0.0,36.51,8,3
2025-06-17,Smartphone,Sur,Vendedor_20,1,271.47,0.0,271.47,6,2
2025-04-08,Auriculares,Norte,Vendedor_14,2,40.84,0.0,81.68,4,2
2024-08-31,Smartphone,Sur,Vendedor_18,4,333.45,0.0,1333.82,8,3
2024-09-10,Mouse,Este,Vendedor_14,4,23.91,0.0,95.64,9,3
2025-06-21,Laptop,Sur,Vendedor_2,2,679.54,0.0,1359.09,6,2
2025-04-05,Auriculares,Este,Vendedor_5,4,46.04,0.0,184.14,4,2
2024-07-30,Teclado,Oeste,Vendedor_15,3,38.38,0.0,115.14,7,3
2024-08-21,Monitor,Centro,Vendedor_17,4,221.71,0.0,886.83,8,3
2024-10-18,Smartphone,Norte,Vendedor_20,3,316.89,0.0,950.67,10,4
2025-04-09,Smartphone,Norte,Vendedor_10,1,327.95,0.0,327.95,4,2
2025-04-10,Tablet,Norte,Vendedor_5,4,253.96,0.0,1015.85,4,2
2024-10-16,Mouse,Centro,Vendedor_13,7,16.93,0.0,118.52,10,4
2025-03-24,Tablet,Sur,Vendedor_19,1,388.66,0.0,388.66,3,1
2025-02-16,Laptop,Sur,Vendedor_11,1,579.58,0.0,579.58,2,1
2025-03-13,Mouse,Norte,Vendedor_1,4,17.74,0.0,70.96,3,1
2024-11-24,Laptop,Sur,Vendedor_16,3,821.3,0.0,2463.91,11,4
2024-11-01,Monitor,Sur,Vendedor_17,5,212.06,0.0,1060.28,11,4
2025-01-02,Monitor,Centro,Vendedor_11,1,156.14,0.0,156.14,1,1
2024-09-10,Monitor,Norte,Vendedor_16,1,233.53,0.107,208.52,9,3
2024-08-23,Tablet,Sur,Vendedor_9,1,294.59,0.0,294.59,8,3
2025-06-10,Smartphone,Oeste,Vendedor_15,3,481.87,0.0,1445.61,6,2
2024-09-09,Monitor,Centro,Vendedor_15,1,197.32,0.0,197.32,9,3
2025-05-27,Auriculares,Este,Vendedor_20,1,44.29,0.0,44.29,5,2
2024-12-05,Smartphone,Norte,Vendedor_9,1,421.48,0.0,421.48,12,4
2024-08-05,Monitor,Sur,Vendedor_20,1,260.52,0.0,260.52,8,3
2025-06-29,Tablet,Oeste,Vendedor_9,1,231.05,0.0,231.05,6,2
2024-10-24,Smartphone,Oeste,Vendedor_10,2,271.22,0.0,542.43,10,4
2024-11-01,Tablet,Este,Vendedor_8,4,362.04,0.0,1448.14,11,4
2024-08-16,Mouse,Sur,Vendedor_17,3,21.14,0.0,63.42,8,3
2025-03-21,Teclado,Centro,Vendedor_14,6,32.78,0.19,159.35,3,1
2025-06-30,Laptop,Centro,Vendedor_6,3,581.26,0.0,1743.77,6,2
2025-02-02,Teclado,Norte,Vendedor_14,7,28.02,0.25,147.17,2,1
2024-10-14,Tablet,Centro,Vendedor_10,1,343.91,0.0,343.91,10,4
2024-11-17,Monitor,Norte,Vendedor_3,3,198.43,0.0,595.28,11,4
2025-02-12,Mouse,Sur,Vendedor_17,2,19.46,0.0,38.92,2,1
2024-08-07,Tablet,Centro,Vendedor_10,3,260.05,0.166,650.82,8,3
2024-08-19,Tablet,Sur,Vendedor_5,2,289.85,0.0,579.7,8,3
2024-11-24,Laptop,Sur,Vendedor_20,3,801.04,0.0,2403.13,11,4
2025-05-14,Monitor,Oeste,Vendedor_5,1,228.61,0.0,228.61,5,2
2025-01-27,Smartphone,Este,Vendedor_1,1,498.47,0.0,498.47,1,1
2024-12-31,Monitor,Sur,Vendedor_20,2,267.4,0.0,534.8,12,4
2024-10-05,Teclado,Oeste,Vendedor_6,3,24.12,0.0,72.36,10,4
2025-07-02,Tablet,Oeste,Vendedor_8,3,483.72,0.0,1451.15,7,3
2024-08-22,Auriculares,Este,Vendedor_7,5,54.42,0.0,272.09,8,3
2024-12-01,Mouse,Norte,Vendedor_8,4,20.01,0.0,80.02,12,4
2024-10-28,Smartphone,Centro,Vendedor_19,2,514.76,0.0,1029.51,10,4
2024-12-24,Smartphone,Oeste,Vendedor_15,1,420.57,0.0,420.57,12,4
2024-10-05,Auriculares,Este,Vendedor_14,1,37.43,0.0,37.43,10,4
2025-03-25,Monitor,Oeste,Vendedor_5,1,223.42,0.0,223.42,3,1
2025-02-12,Mouse,Sur,Vendedor_11,3,25.41,0.175,62.9,2,1
2024-08-19,Laptop,Norte,Vendedor_10,2,845.15,0.0,1690.3,8,3
2025-04-30,Smartphone,Este,Vendedor_12,1,438.57,0.0,438.57,4,2
2024-08-25,Laptop,Oeste,Vendedor_18,2,859.0,0.0,1717.99,8,3
2024-09-04,Laptop,Este,Vendedor_16,2,527.38,0.089,960.59,9,3
2024-12-11,Teclado,Este,Vendedor_13,4,24.45,0.0,97.81,12,4
2025-02-18,Tablet,Oeste,Vendedor_3,2,263.53,0.0,527.05,2,1
2025-05-17,Teclado,Norte,Vendedor_6,4,26.77,0.0,107.06,5,2
2024-11-15,Monitor,Oeste,Vendedor_9,2,205.42,0.0,410.83,11,4
2025-04-05,Laptop,Oeste,Vendedor_20,2,533.05,0.0,1066.1,4,2
2024-10-28,Smartphone,Sur,Vendedor_13,4,411.37,0.0,1645.47,10,4
2025-07-26,Teclado,Sur,Vendedor_17,7,33.45,0.179,192.15,7,3
2025-03-07,Laptop,Oeste,Vendedor_10,2,730.74,0.0,1461.47,3,1
2025-07-27,Auriculares,Este,Vendedor_11,3,53.14,0.0,159.43,7,3
2025-05-17,Tablet,Oeste,Vendedor_1,1,224.78,0.0,224.78,5,2
2024-12-19,Monitor,Centro,Vendedor_8,2,218.51,0.054,413.49,12,4
2024-09-21,Laptop,Norte,Vendedor_3,1,532.24,0.0,532.24,9,3
2024-08-03,Auriculares,Este,Vendedor_17,3,43.43,0.0,130.3,8,3
2024-11-26,Auriculares,Sur,Vendedor_17,4,58.76,0.0,235.04,11,4
2024-12-30,Laptop,Oeste,Vendedor_8,3,1035.63,0.0,3106.88,12,4
2025-01-25,Auriculares,Centro,Vendedor_2,3,36.86,0.0,110.59,1,1
2025-02-15,Auriculares,Norte,Vendedor_12,6,58.54,0.0,351.23,2,1
2025-04-30,Smartphone,Este,Vendedor_20,1,418.35,0.0,418.35,4,2
2024-09-29,Laptop,Centro,Vendedor_5,1,1074.03,0.094,973.52,9,3
2025-04-28,Smartphone,Centro,Vendedor_3,2,552.75,0.0,1105.51,4,2
2025-01-06,Monitor,Centro,Vendedor_13,1,232.4,0.0,232.4,1,1
2024-08-04,Monitor,Centro,Vendedor_9,4,207.63,0.0,830.51,8,3
2024-12-20,Smartphone,Norte,Vendedor_7,3,421.3,0.061,1187.35,12,4
2024-10-23,Monitor,Norte,Vendedor_1,3,216.64,0.0,649.92,10,4
2025-01-19,Mouse,Norte,Vendedor_17,4,16.81,0.0,67.23,1,1
2025-07-14,Mouse,Centro,Vendedor_15,4,18.35,0.0,73.42,7,3
2024-12-23,Smartphone,Sur,Vendedor_15,2,492.31,0.0,984.62,12,4
2025-03-04,Auriculares,Norte,Vendedor_14,4,45.6,0.0,182.4,3,1
2025-04-19,Tablet,Sur,Vendedor_16,1,332.98,0.0,332.98,4,2
2024-09-04,Tablet,Sur,Vendedor_1,2,395.76,0.0,791.53,9,3
2024-09-07,Tablet,Oeste,Vendedor_16,1,278.6,0.0,278.6,9,3
2024-12-03,Smartphone,Este,Vendedor_8,2,540.39,0.0,1080.79,12,4
2025-04-16,Smartphone,Centro,Vendedor_16,2,401.47,0.0,802.94,4,2
2024-12-19,Mouse,Oeste,Vendedor_2,7,18.81,0.0,131.64,12,4
2025-04-23,Laptop,Centro,Vendedor_10,20,843.84,0.104,15114.95,4,2
2025-04-23,Auriculares,Oeste,Vendedor_17,6,41.36,0.0,248.17,4,2
2024-09-15,Auriculares,Norte,Vendedor_18,3,62.79,0.0,188.38,9,3
2025-06-11,Auriculares,Norte,Vendedor_2,4,46.99,0.053,177.94,6,2
2025-04-03,Smartphone,Sur,Vendedor_3,1,303.24,0.0,303.24,4,2
2024-12-31,Teclado,Sur,Vendedor_12,1,27.67,0.0,27.67,12,4
2025-03-06,Teclado,Norte,Vendedor_12,40,21.67,0.0,866.64,3,1
2024-09-16,Tablet,Este,Vendedor_15,2,328.41,0.135,568.0,9,3
2025-07-11,Mouse,Centro,Vendedor_17,4,18.93,0.0,75.72,7,3
2025-05-13,Monitor,Sur,Vendedor_7,2,199.56,0.0,399.12,5,2
2024-10-26,Monitor,Sur,Vendedor_5,2,173.7,0.104,311.4,10,4
2024-12-16,Smartphone,Centro,Vendedor_4,2,257.92,0.0,515.84,12,4
2025-01-29,Auriculares,Oeste,Vendedor_9,3,59.27,0.0,177.82,1,1
2025-07-19,Auriculares,Sur,Vendedor_18,2,51.29,0.248,77.14,7,3
2025-03-13,Smartphone,Oeste,Vendedor_19,1,370.1,0.0,370.1,3,1
2024-08-21,Monitor,Este,Vendedor_2,3,132.61,0.0,397.84,8,3
2025-04-12,Laptop,Este,Vendedor_4,2,469.65,0.0,939.3,4,2
2024-08-14,Laptop,Oeste,Vendedor_10,2,873.64,0.0,1747.28,8,3
2024-08-31,Monitor,Este,Vendedor_12,1,252.37,0.0,252.37,8,3
2024-09-26,Smartphone,Oeste,Vendedor_20,1,473.44,0.0,473.44,9,3
2024-08-29,Laptop,Sur,Vendedor_15,1,677.46,0.171,561.48,8,3
2024-07-30,Tablet,Norte,Vendedor_16,2,282.83,0.0,565.66,7,3
2024-08-10,Laptop,Sur,Vendedor_16,1,461.62,0.0,461.62,8,3
2025-03-26,Auriculares,Este,Vendedor_2,2,52.19,0.0,104.38,3,1
2024-10-21,Monitor,Sur,Vendedor_14,1,203.09,0.0,203.09,10,4
2025-03-22,Smartphone,Oeste,Vendedor_6,2,320.19,0.0,640.37,3,1
2025-02-14,Auriculares,Sur,Vendedor_6,2,60.37,0.0,120.73,2,1
2025-03-01,Tablet,Oeste,Vendedor_16,1,295.0,0.0,295.0,3,1
2024-11-14,Tablet,Este,Vendedor_1,1,150.0,0.0,150.0,11,4
2025-04-09,Teclado,Centro,Vendedor_20,2,33.65,0.0,67.3,4,2
2024-12-21,Laptop,Norte,Vendedor_20,1,1242.56,0.216,974.23,12,4
2025-06-04,Smartphone,Este,Vendedor_20,1,502.16,0.0,502.16,6,2
2024-08-22,Teclado,Centro,Vendedor_16,3,32.03,0.0,96.08,8,3
2025-04-10,Auriculares,Norte,Vendedor_7,4,50.0,0.0,200.0,4,2
2024-07-28,Teclado,Este,Vendedor_19,4,36.5,0.0,146.0,7,3
2025-03-13,Auriculares,Este,Vendedor_16,5,51.96,0.0,259.81,3,1
2024-12-10,Laptop,Sur,Vendedor_1,3,655.35,0.0,1966.05,12,4
2024-08-03,Monitor,Oeste,Vendedor_12,1,220.11,0.0,220.11,8,3
2025-05-01,Laptop,Centro,Vendedor_20,2,1087.42,0.0,2174.84,5,2
2025-07-17,Auriculares,Norte,Vendedor_13,3,52.18,0.0,156.54,7,3
2024-08-28,Tablet,Oeste,Vendedor_17,1,241.27,0.238,183.8,8,3
2025-04-09,Laptop,Este,Vendedor_6,2,1053.36,0.213,1658.52,4,2
2024-10-23,Laptop,Sur,Vendedor_17,1,621.16,0.0,621.16,10,4
2024-09-25,Teclado,Este,Vendedor_20,2,24.97,0.0,49.94,9,3
2024-11-10,Laptop,Sur,Vendedor_9,1,719.43,0.101,646.87,11,4
2024-11-26,Tablet,Este,Vendedor_14,4,283.81,0.0,1135.24,11,4
2025-06-19,Laptop,Oeste,Vendedor_11,3,753.7,0.0,2261.11,6,2
2024-11-17,Laptop,Sur,Vendedor_13,3,1046.67,0.0,3140.0,11,4
2025-06-25,Smartphone,Centro,Vendedor_12,2,273.65,0.0,547.29,6,2
2024-11-23,Monitor,Norte,Vendedor_11,2,193.0,0.17,320.43,11,4
2024-12-04,Teclado,Centro,Vendedor_1,4,23.58,0.0,94.32,12,4
2025-07-06,Smartphone,Oeste,Vendedor_6,1,205.27,0.0,205.27,7,3
2025-02-11,Auriculares,Oeste,Vendedor_19,4,34.9,0.0,139.59,2,1
2024-09-01,Tablet,Sur,Vendedor_15,1,325.87,0.0,325.87,9,3
2024-10-07,Monitor,Centro,Vendedor_19,2,174.59,0.0,349.18,10,4
2025-01-30,Monitor,Este,Vendedor_13,2,242.22,0.0,484.44,1,1
2024-09-04,Mouse,Sur,Vendedor_9,5,31.0,0.0,155.01,9,3
2024-09-25,Auriculares,Norte,Vendedor_17,3,56.45,0.0,169.36,9,3
2025-07-03,Smartphone,Centro,Vendedor_11,2,459.6,0.184,749.99,7,3
2025-02-23,Mouse,Norte,Vendedor_8,1,23.81,0.0,23.81,2,1
2025-07-22,Mouse,Centro,Vendedor_13,2,27.32,0.0,54.64,7,3
2024-09-30,Smartphone,Oeste,Vendedor_15,3,560.84,0.0,1682.52,9,3
2025-06-13,Auriculares,Norte,Vendedor_1,5,40.09,0.0,200.47,6,2
2025-01-22,Laptop,Este,Vendedor_20,2,672.71,0.0,1345.42,1,1
2024-09-21,Teclado,Oeste,Vendedor_16,3,32.55,0.0,97.64,9,3
2024-10-19,Monitor,Norte,Vendedor_9,2,176.73,0.0,353.46,10,4
2025-03-04,Mouse,Norte,Vendedor_7,4,15.3,0.121,53.81,3,1
2024-08-22,Tablet,Este,Vendedor_9,1,267.29,0.0,267.29,8,3
2025-02-01,Mouse,Oeste,Vendedor_5,3,26.09,0.0,78.28,2,1
2024-10-04,Teclado,Este,Vendedor_6,2,28.37,0.0,56.75,10,4
2025-07-09,Smartphone,Norte,Vendedor_20,2,351.09,0.0,702.19,7,3
2025-03-24,Tablet,Sur,Vendedor_16,2,375.19,0.0,750.37,3,1
2024-08-26,Auriculares,Sur,Vendedor_2,4,53.92,0.0,215.67,8,3
2024-10-14,Smartphone,Sur,Vendedor_20,1,379.66,0.0,379.66,10,4
2025-02-10,Laptop,Centro,Vendedor_9,1,806.62,0.0,806.62,2,1
2024-09-23,Monitor,Centro,Vendedor_20,2,207.11,0.0,414.22,9,3
2025-04-14,Tablet,Norte,Vendedor_11,1,308.51,0.222,240.07,4,2
2024-11-02,Monitor,Sur,Vendedor_9,2,168.81,0.0,337.61,11,4
2025-02-27,Monitor,Sur,Vendedor_19,2,243.28,0.0,486.56,2,1
2025-01-26,Laptop,Centro,Vendedor_2,3,788.01,0.091,2148.15,1,1
2024-09-06,Tablet,Este,Vendedor_19,4,329.13,0.0,1316.53,9,3
2025-06-23,Mouse,Norte,Vendedor_19,2,19.51,0.0,39.01,6,2
2025-05-17,Smartphone,Oeste,Vendedor_16,3,436.62,0.0,1309.87,5,2
2025-06-24,Auriculares,Norte,Vendedor_6,5,53.31,0.112,236.61,6,2
2025-02-12,Monitor,Este,Vendedor_16,1,205.67,0.0,205.67,2,1
2024-09-03,Tablet,Oeste,Vendedor_16,1,349.01,0.0,349.01,9,3
2024-09-19,Teclado,Oeste,Vendedor_3,3,27.44,0.0,82.33,9,3
2024-12-10,Mouse,Oeste,Vendedor_9,4,22.16,0.0,88.63,12,4
2025-06-10,Tablet,Oeste,Vendedor_15,1,358.7,0.0,358.7,6,2
2024-11-17,Monitor,Norte,Vendedor_20,2,191.16,0.0,382.32,11,4
2024-10-09,Mouse,Este,Vendedor_15,7,16.29,0.101,102.48,10,4
2024-08-13,Smartphone,Sur,Vendedor_7,2,401.22,0.0,802.44,8,3
2024-12-31,Monitor,Norte,Vendedor_20,2,241.91,0.0,483.83,12,4
2025-03-28,Laptop,Este,Vendedor_17,2,832.37,0.0,1664.74,3,1
2025-07-12,Tablet,Norte,Vendedor_5,1,332.53,0.0,332.53,7,3
2024-11-05,Tablet,Oeste,Vendedor_2,3,308.97,0.0,926.9,11,4
2025-02-07,Tablet,Norte,Vendedor_10,1,282.7,0.249,212.34,2,1
2025-05-02,Smartphone,Sur,Vendedor_17,1,500.23,0.0,500.23,5,2
2025-05-10,Smartphone,Este,Vendedor_2,3,364.14,0.0,1092.43,5,2
2025-01-16,Auriculares,Norte,Vendedor_20,5,45.84,0.231,176.31,1,1
2024-09-03,Laptop,Norte,Vendedor_17,1,903.59,0.087,824.59,9,3
2024-09-15,Tablet,Centro,Vendedor_11,1,299.04,0.241,227.07,9,3
2024-11-23,Smartphone,Norte,Vendedor_6,1,473.28,0.0,473.28,11,4
2024-10-23,Tablet,Este,Vendedor_12,1,402.59,0.0,402.59,10,4
2025-07-02,Auriculares,Norte,Vendedor_4,6,48.31,0.0,289.88,7,3
2025-01-03,Teclado,Este,Vendedor_2,5,26.93,0.0,134.63,1,1
2025-06-13,Laptop,Sur,Vendedor_13,3,656.32,0.086,1799.99,6,2
2025-01-24,Monitor,Centro,Vendedor_2,3,184.0,0.0,552.01,1,1
2024-08-19,Monitor,Sur,Vendedor_1,6,210.77,0.0,1264.63,8,3
2024-12-16,Teclado,Sur,Vendedor_7,5,33.22,0.0,166.12,12,4
2025-01-01,Laptop,Este,Vendedor_17,1,947.91,0.0,947.91,1,1
2025-03-23,Auriculares,Sur,Vendedor_7,2,36.85,0.0,73.7,3,1
2025-07-03,Monitor,Este,Vendedor_6,1,184.8,0.0,184.8,7,3
2025-04-22,Laptop,Centro,Vendedor_2,2,570.15,0.164,953.2,4,2
2025-01-06,Monitor,Centro,Vendedor_18,3,176.8,0.0,530.4,1,1
2025-04-18,Monitor,Sur,Vendedor_17,1,253.04,0.0,253.04,4,2
2025-06-11,Tablet,Oeste,Vendedor_9,1,260.83,0.0,260.83,6,2
2024-11-23,Tablet,Sur,Vendedor_20,1,417.2,0.0,417.2,11,4
2025-03-19,Smartphone,Norte,Vendedor_10,2,389.7,0.0,779.4,3,1
2025-03-19,Tablet,Norte,Vendedor_3,2,200.17,0.0,400.35,3,1
2025-07-03,Smartphone,Sur,Vendedor_8,2,483.93,0.0,967.86,7,3
2024-12-07,Teclado,Este,Vendedor_14,6,36.06,0.0,216.34,12,4
2025-06-14,Laptop,Centro,Vendedor_14,1,664.81,0.0,664.81,6,2
2024-09-27,Auriculares,Sur,Vendedor_10,4,59.6,0.0,238.41,9,3
2025-04-19,Teclado,Este,Vendedor_2,4,32.77,0.218,102.46,4,2
2025-06-07,Mouse,Este,Vendedor_6,2,21.83,0.0,43.66,6,2
2025-05-20,Mouse,Centro,Vendedor_5,2,18.47,0.0,36.95,5,2
2024-09-03,Monitor,Norte,Vendedor_11,2,216.42,0.0,432.83,9,3
2024-10-07,Auriculares,Sur,Vendedor_9,5,51.96,0.085,237.72,10,4
2025-05-04,Teclado,Norte,Vendedor_4,3,24.0,0.0,72.01,5,2
2025-03-10,Laptop,Sur,Vendedor_8,1,835.17,0.196,671.81,3,1
2025-04-07,Auriculares,Centro,Vendedor_10,4,69.23,0.0,276.94,4,2
2025-03-15,Laptop,Norte,Vendedor_6,3,676.06,0.0,2028.18,3,1
2025-03-05,Tablet,Sur,Vendedor_6,3,248.19,0.0,744.57,3,1
2025-07-10,Auriculares,Norte,Vendedor_20,3,49.69,0.0,149.06,7,3
2025-06-26,Smartphone,Sur,Vendedor_11,2,364.64,0.0,729.28,6,2
2024-10-12,Monitor,Sur,Vendedor_18,1,252.83,0.0,252.83,10,4
2024-11-24,Smartphone,Centro,Vendedor_12,4,359.75,0.0,1438.99,11,4
2025-06-16,Tablet,Sur,Vendedor_5,1,215.31,0.0,215.31,6,2
2025-01-01,Laptop,Oeste,Vendedor_2,3,796.43,0.0,2389.3,1,1
2025-04-29,Tablet,Sur,Vendedor_12,3,258.67,0.0,776.0,4,2
2025-03-23,Monitor,Sur,Vendedor_12,2,208.83,0.0,417.66,3,1
2024-09-01,Auriculares,Centro,Vendedor_9,2,39.9,0.0,79.8,9,3
2025-06-18,Auriculares,Este,Vendedor_15,4,55.72,0.0,222.88,6,2
2024-12-03,Laptop,Este,Vendedor_7,1,687.24,0.091,624.91,12,4
2025-05-21,Mouse,Centro,Vendedor_10,4,19.76,0.0,79.06,5,2
2024-09-19,Tablet,Centro,Vendedor_2,5,269.7,0.0,1348.49,9,3
2025-06-25,Mouse,Norte,Vendedor_8,2,16.55,0.0,33.1,6,2
2024-08-26,Auriculares,Norte,Vendedor_12,6,33.77,0.0,202.62,8,3
2024-11-10,Monitor,Norte,Vendedor_13,2,167.7,0.0,335.4,11,4
2024-08-10,Smartphone,Norte,Vendedor_16,4,320.16,0.118,1129.81,8,3
2025-03-18,Laptop,Este,Vendedor_9,2,554.4,0.0,1108.79,3,1
2025-02-10,Tablet,Este,Vendedor_2,3,332.25,0.0,996.75,2,1
2025-07-01,Auriculares,Oeste,Vendedor_4,4,57.95,0.195,186.5,7,3
2025-01-23,Mouse,Centro,Vendedor_20,3,24.32,0.0,72.96,1,1
2024-08-29,Tablet,Centro,Vendedor_18,3,303.21,0.065,850.44,8,3
2025-01-15,Monitor,Sur,Vendedor_10,1,147.46,0.14,126.81,1,1
2025-03-22,Tablet,Centro,Vendedor_8,1,376.72,0.054,356.42,3,1
2024-09-23,Monitor,Este,Vendedor_19,2,226.15,0.0,452.29,9,3
2024-12-19,Tablet,Norte,Vendedor_4,3,156.78,0.0,470.35,12,4
2024-09-19,Teclado,Oeste,Vendedor_20,5,27.02,0.0,135.12,9,3
2024-08-09,Laptop,Centro,Vendedor_3,2,736.27,0.0,1472.53,8,3
2025-02-06,Monitor,Sur,Vendedor_16,2,247.41,0.0,494.83,2,1
2024-08-25,Monitor,Sur,Vendedor_19,1,187.18,0.0,187.18,8,3
2025-07-11,Monitor,Sur,Vendedor_7,2,200.99,0.0,401.98,7,3
2025-01-12,Teclado,Oeste,Vendedor_4,6,21.76,0.0,130.56,1,1
2024-12-31,Laptop,Oeste,Vendedor_9,3,883.18,0.0,2649.55,12,4
2025-05-13,Auriculares,Norte,Vendedor_17,2,41.83,0.0,83.65,5,2
2025-07-01,Auriculares,Sur,Vendedor_7,6,57.76,0.102,311.03,7,3
2025-01-08,Teclado,Este,Vendedor_3,5,34.82,0.0,174.08,1,1
2024-09-27,Auriculares,Centro,Vendedor_6,3,78.97,0.0,236.9,9,3
2025-04-13,Monitor,Oeste,Vendedor_18,2,260.89,0.0,521.78,4,2
2024-10-04,Mouse,Este,Vendedor_7,2,20.31,0.0,40.61,10,4
2025-06-14,Mouse,Sur,Vendedor_5,3,14.06,0.0,42.19,6,2
2025-07-21,Monitor,Sur,Vendedor_4,1,191.66,0.0,191.66,7,3
2024-12-29,Monitor,Sur,Vendedor_9,3,176.59,0.0,529.77,12,4
2025-02-10,Teclado,Este,Vendedor_12,2,22.56,0.0,45.12,2,1
2024-11-08,Laptop,Oeste,Vendedor_8,3,903.4,0.0,2710.19,11,4
2025-07-06,Mouse,Este,Vendedor_3,6,14.9,0.0,89.4,7,3
2025-03-30,Smartphone,Norte,Vendedor_8,1,545.12,0.0,545.12,3,1
2024-09-04,Monitor,Sur,Vendedor_10,2,127.97,0.14,220.15,9,3
2025-05-19,Laptop,Oeste,Vendedor_2,1,760.15,0.0,760.15,5,2
2025-04-28,Teclado,Sur,Vendedor_20,4,19.96,0.0,79.85,4,2
2024-12-01,Monitor,Sur,Vendedor_6,1,124.14,0.0,124.14,12,4
2025-05-02,Laptop,Este,Vendedor_2,3,798.79,0.18,1965.23,5,2
2024-09-30,Auriculares,Centro,Vendedor_13,6,45.94,0.0,275.63,9,3
2025-03-25,Smartphone,Este,Vendedor_7,2,350.65,0.0,701.31,3,1
2025-04-22,Teclado,Sur,Vendedor_11,5,34.58,0.0,172.9,4,2
2025-02-19,Auriculares,Norte,Vendedor_11,2,55.11,0.0,110.23,2,1
2025-05-20,Laptop,Sur,Vendedor_2,2,924.26,0.0,1848.53,5,2
2024-09-05,Laptop,Este,Vendedor_10,4,791.02,0.0,3164.07,9,3
2024-11-09,Teclado,Este,Vendedor_16,5,30.61,0.0,153.07,11,4
2025-01-23,Teclado,Este,Vendedor_6,5,27.1,0.232,104.05,1,1
2024-11-22,Auriculares,Sur,Vendedor_14,3,30.63,0.0,91.9,11,4
2025-05-05,Monitor,Centro,Vendedor_7,3,169.55,0.165,424.94,5,2
2024-12-15,Laptop,Norte,Vendedor_13,3,990.18,0.0,2970.53,12,4
2024-09-29,Smartphone,Norte,Vendedor_9,4,547.95,0.213,1725.89,9,3
2024-09-05,Monitor,Sur,Vendedor_18,1,225.51,0.0,225.51,9,3
2025-04-02,Auriculares,Centro,Vendedor_9,3,54.5,0.0,163.5,4,2
2024-08-29,Laptop,Sur,Vendedor_3,1,906.39,0.0,906.39,8,3
2024-11-03,Laptop,Sur,Vendedor_19,3,677.6,0.247,1531.14,11,4
2025-01-31,Mouse,Este,Vendedor_7,5,19.14,0.0,95.72,1,1
2025-02-14,Auriculares,Centro,Vendedor_1,2,53.79,0.0,107.59,2,1
2024-12-23,Smartphone,Este,Vendedor_1,2,385.56,0.0,771.12,12,4
2025-05-21,Auriculares,Oeste,Vendedor_18,6,40.74,0.0,244.41,5,2
2025-05-04,Laptop,Oeste,Vendedor_19,5,880.13,0.0,4400.67,5,2
2024-12-29,Tablet,Centro,Vendedor_18,2,247.29,0.0,494.58,12,4
2024-08-07,Monitor,Norte,Vendedor_10,2,227.54,0.0,455.09,8,3
2025-03-04,Laptop,Norte,Vendedor_18,2,787.31,0.0,1574.63,3,1
2024-08-13,Auriculares,Sur,Vendedor_18,4,52.78,0.053,199.86,8,3
2024-11-15,Auriculares,Sur,Vendedor_16,4,46.95,0.0,187.8,11,4
2024-10-01,Smartphone,Oeste,Vendedor_5,1,352.29,0.0,352.29,10,4
2024-10-15,Laptop,Sur,Vendedor_2,3,752.13,0.0,2256.39,10,4
2024-09-20,Mouse,Norte,Vendedor_2,7,20.84,0.0,145.87,9,3
2025-05-18,Mouse,Este,Vendedor_13,1,16.06,0.0,16.06,5,2
2025-01-11,Tablet,Oeste,Vendedor_17,3,287.04,0.069,801.96,1,1
2024-10-23,Monitor,Este,Vendedor_18,1,237.5,0.0,237.5,10,4
2025-04-21,Laptop,Norte,Vendedor_19,1,1030.71,0.054,975.06,4,2
2025-01-19,Tablet,Sur,Vendedor_10,3,269.26,0.0,807.77,1,1
2025-07-12,Mouse,Sur,Vendedor_12,2,16.8,0.0,33.61,7,3
2025-02-17,Tablet,Norte,Vendedor_11,2,181.17,0.0,362.35,2,1
2025-02-24,Laptop,Norte,Vendedor_6,2,913.02,0.0,1826.04,2,1
2024-09-01,Laptop,Centro,Vendedor_6,3,735.98,0.0,2207.93,9,3
2025-06-07,Mouse,Sur,Vendedor_13,2,14.72,0.0,29.44,6,2
2024-12-14,Tablet,Sur,Vendedor_2,1,289.73,0.0,289.73,12,4
2024-09-05,Mouse,Norte,Vendedor_19,7,21.92,0.0,153.45,9,3
2025-07-04,Tablet,Oeste,Vendedor_11,2,236.69,0.0,473.39,7,3
2024-09-15,Mouse,Sur,Vendedor_9,2,19.67,0.0,39.34,9,3
2024-10-19,Monitor,Este,Vendedor_14,2,209.72,0.177,345.37,10,4
2024-10-07,Mouse,Centro,Vendedor_1,6,22.31,0.0,133.86,10,4
2025-01-05,Smartphone,Centro,Vendedor_9,2,389.71,0.0,779.41,1,1
2025-02-17,Mouse,Centro,Vendedor_19,3,22.89,0.0,68.67,2,1
2024-11-15,Monitor,Oeste,Vendedor_18,1,204.47,0.0,204.47,11,4
2025-02-09,Laptop,Este,Vendedor_1,1,981.09,0.0,981.09,2,1
2024-10-10,Auriculares,Centro,Vendedor_2,7,51.15,0.0,358.04,10,4
2024-12-28,Auriculares,Sur,Vendedor_20,3,61.04,0.0,183.12,12,4
2025-03-13,Smartphone,Sur,Vendedor_13,4,379.5,0.0,1517.99,3,1
2024-09-01,Smartphone,Norte,Vendedor_18,1,420.89,0.0,420.89,9,3
2025-06-29,Mouse,Centro,Vendedor_14,2,24.09,0.0,48.19,6,2
2025-01-23,Teclado,Centro,Vendedor_20,4,38.02,0.0,152.07,1,1
2025-01-20,Teclado,Norte,Vendedor_19,4,32.28,0.098,116.49,1,1
2024-08-15,Smartphone,Centro,Vendedor_17,2,395.85,0.0,791.7,8,3
2025-01-31,Tablet,Oeste,Vendedor_16,1,291.82,0.0,291.82,1,1
2025-02-25,Smartphone,Norte,Vendedor_6,1,514.18,0.0,514.18,2,1
2024-12-14,Mouse,Centro,Vendedor_14,4,18.32,0.0,73.29,12,4
2024-12-16,Laptop,Oeste,Vendedor_16,2,835.28,0.075,1544.52,12,4
2025-03-13,Auriculares,Este,Vendedor_8,3,40.04,0.051,114.01,3,1
2024-10-14,Laptop,Oeste,Vendedor_19,2,725.04,0.0,1450.08,10,4
2025-03-20,Auriculares,Oeste,Vendedor_4,4,42.41,0.0,169.65,3,1
2025-03-14,Monitor,Este,Vendedor_5,1,186.07,0.0,186.07,3,1
2025-01-18,Auriculares,Oeste,Vendedor_3,2,52.21,0.0,104.41,1,1
2025-07-07,Smartphone,Este,Vendedor_15,1,410.46,0.0,410.46,7,3
2025-03-09,Monitor,Oeste,Vendedor_14,2,194.34,0.0,388.68,3,1
2025-03-04,Laptop,Este,Vendedor_17,2,1292.3,0.0,2584.6,3,1
2024-08-25,Mouse,Oeste,Vendedor_14,1,25.44,0.0,25.44,8,3
2024-08-18,Teclado,Este,Vendedor_18,5,30.32,0.0,151.61,8,3
2025-04-01,Monitor,Centro,Vendedor_8,1,238.86,0.0,238.86,4,2
2024-08-08,Teclado,Sur,Vendedor_5,3,33.87,0.0,101.6,8,3
2025-03-18,Smartphone,Sur,Vendedor_12,2,474.26,0.0,948.52,3,1
2024-12-17,Mouse,Sur,Vendedor_20,4,18.28,0.0,73.11,12,4
2025-07-19,Tablet,Sur,Vendedor_9,1,239.66,0.0,239.66,7,3
2025-04-11,Laptop,Este,Vendedor_7,1,719.66,0.0,719.66,4,2
2024-11-15,Auriculares,Centro,Vendedor_15,5,39.93,0.0,199.64,11,4
2025-01-05,Teclado,Este,Vendedor_8,8,37.19,0.0,297.49,1,1
2024-11-13,Tablet,Oeste,Vendedor_1,2,374.68,0.157,631.65,11,4
2025-03-13,Mouse,Este,Vendedor_18,4,19.51,0.0,78.03,3,1
2025-03-11,Mouse,Este,Vendedor_3,4,21.24,0.0,84.94,3,1
2024-12-04,Mouse,Norte,Vendedor_1,5,28.17,0.0,140.86,12,4
2024-11-22,Tablet,Norte,Vendedor_13,2,317.41,0.089,578.54,11,4
2025-01-14,Tablet,Oeste,Vendedor_10,2,318.76,0.0,637.52,1,1
2025-06-02,Teclado,Oeste,Vendedor_12,5,40.69,0.105,182.16,6,2
2024-12-15,Smartphone,Centro,Vendedor_7,4,355.56,0.0,1422.26,12,4
2024-10-09,Laptop,Oeste,Vendedor_17,2,803.5,0.0,1607.0,10,4
2025-03-07,Mouse,Norte,Vendedor_20,4,20.82,0.0,83.28,3,1
2024-12-11,Smartphone,Este,Vendedor_5,1,459.1,0.0,459.1,12,4
2025-06-11,Mouse,Este,Vendedor_13,5,22.97,0.0,114.84,6,2
2025-02-23,Mouse,Oeste,Vendedor_10,7,17.92,0.133,108.76,2,1
2025-04-19,Smartphone,Oeste,Vendedor_12,1,379.53,0.0,379.53,4,2
2025-04-16,Smartphone,Sur,Vendedor_12,2,383.02,0.0,766.05,4,2
2024-09-13,Monitor,Sur,Vendedor_16,4,169.1,0.0,676.41,9,3
2025-03-17,Mouse,Norte,Vendedor_16,5,23.56,0.25,88.36,3,1
2025-02-17,Mouse,Este,Vendedor_12,4,12.72,0.119,44.79,2,1
2024-07-29,Teclado,Norte,Vendedor_10,5,25.77,0.0,128.83,7,3
2025-02-18,Smartphone,Este,Vendedor_6,3,417.92,0.0,1253.76,2,1
2025-06-18,Tablet,Este,Vendedor_18,1,384.66,0.0,384.66,6,2
2024-10-29,Smartphone,Oeste,Vendedor_16,1,374.88,0.191,303.2,10,4
2025-06-09,Auriculares,Centro,Vendedor_5,4,53.14,0.0,212.57,6,2
2024-10-21,Tablet,Norte,Vendedor_12,2,223.39,0.0,446.78,10,4
2024-08-18,Laptop,Oeste,Vendedor_2,3,951.76,0.0,2855.28,8,3
2025-07-13,Laptop,Este,Vendedor_2,2,689.22,0.25,1034.23,7,3
2025-07-09,Mouse,Centro,Vendedor_5,4,17.36,0.1,62.5,7,3
2025-02-21,Tablet,Sur,Vendedor_19,2,319.23,0.0,638.45,2,1
2024-12-15,Mouse,Norte,Vendedor_19,4,20.34,0.0,81.34,12,4
2025-01-14,Smartphone,Norte,Vendedor_14,1,435.19,0.0,435.19,1,1
2025-03-05,Teclado,Centro,Vendedor_2,3,19.5,0.0,58.49,3,1
2025-04-30,Smartphone,Oeste,Vendedor_1,2,417.49,0.0,834.99,4,2
2024-10-26,Laptop,Sur,Vendedor_15,3,728.59,0.0,2185.77,10,4
2024-12-22,Monitor,Este,Vendedor_14,3,164.39,0.1,443.66,12,4
2024-10-05,Laptop,Centro,Vendedor_20,1,556.41,0.0,556.41,10,4
2024-09-01,Tablet,Oeste,Vendedor_6,1,310.3,0.171,257.21,9,3
2024-09-10,Teclado,Sur,Vendedor_9,3,31.46,0.0,94.38,9,3
2024-11-17,Teclado,Este,Vendedor_10,6,27.8,0.0,166.78,11,4
2025-01-08,Mouse,Centro,Vendedor_9,4,19.27,0.0,77.07,1,1
2025-01-06,Mouse,Centro,Vendedor_20,4,16.65,0.0,66.61,1,1
2025-05-05,Smartphone,Este,Vendedor_7,1,448.38,0.109,399.4,5,2
2024-11-13,Tablet,Sur,Vendedor_20,1,261.31,0.0,261.31,11,4
2025-03-21,Teclado,Norte,Vendedor_14,2,35.89,0.0,71.79,3,1
2025-01-01,Monitor,Sur,Vendedor_2,1,284.58,0.0,284.58,1,1
2025-02-13,Laptop,Sur,Vendedor_7,1,860.03,0.0,860.03,2,1
2025-03-12,Tablet,Sur,Vendedor_14,1,202.21,0.0,202.21,3,1
2025-06-02,Monitor,Sur,Vendedor_10,1,174.48,0.0,174.48,6,2
2024-09-23,Tablet,Norte,Vendedor_2,1,322.16,0.0,322.16,9,3
2025-06-13,Auriculares,Norte,Vendedor_9,3,54.35,0.081,149.87,6,2
2024-12-01,Mouse,Centro,Vendedor_16,3,18.91,0.242,42.98,12,4
2025-07-08,Auriculares,Sur,Vendedor_11,40,62.34,0.0,2493.49,7,3
2024-08-18,Smartphone,Norte,Vendedor_19,4,446.01,0.0,1784.03,8,3
2024-09-06,Laptop,Sur,Vendedor_9,2,991.55,0.0,1983.1,9,3
2025-02-16,Mouse,Norte,Vendedor_17,3,26.47,0.0,79.41,2,1
2024-11-25,Mouse,Sur,Vendedor_4,4,26.24,0.0,104.96,11,4
2025-04-18,Monitor,Sur,Vendedor_10,2,193.66,0.0,387.31,4,2
2025-03-12,Mouse,Norte,Vendedor_2,6,18.05,0.0,108.31,3,1
2024-11-29,Auriculares,Centro,Vendedor_11,8,68.58,0.061,515.22,11,4
2025-06-10,Laptop,Sur,Vendedor_5,1,985.54,0.0,985.54,6,2
2024-11-05,Teclado,Oeste,Vendedor_10,2,25.04,0.242,37.94,11,4
2024-09-25,Monitor,Centro,Vendedor_12,3,230.8,0.0,692.41,9,3
2025-04-02,Tablet,Oeste,Vendedor_20,2,220.16,0.0,440.32,4,2
2025-03-05,Tablet,Centro,Vendedor_19,1,169.32,0.0,169.32,3,1
2025-02-25,Tablet,Sur,Vendedor_19,1,265.9,0.0,265.9,2,1
2025-01-15,Laptop,Oeste,Vendedor_13,2,907.49,0.0,1814.99,1,1
2024-09-16,Laptop,Sur,Vendedor_6,1,893.89,0.0,893.89,9,3
2025-03-18,Tablet,Sur,Vendedor_15,2,259.54,0.0,519.07,3,1
2024-08-31,Monitor,Norte,Vendedor_3,2,250.38,0.073,464.16,8,3
2024-12-30,Teclado,Norte,Vendedor_19,6,29.48,0.0,176.89,12,4
2024-08-12,Monitor,Oeste,Vendedor_5,3,150.59,0.212,355.79,8,3
2024-08-15,Monitor,Oeste,Vendedor_20,3,260.93,0.0,782.79,8,3
2024-09-27,Smartphone,Sur,Vendedor_13,1,301.18,0.0,301.18,9,3
2025-06-30,Monitor,Sur,Vendedor_10,2,201.68,0.0,403.36,6,2
2025-05-05,Mouse,Norte,Vendedor_17,3,17.33,0.0,51.99,5,2
2025-05-30,Monitor,Norte,Vendedor_11,2,230.18,0.0,460.36,5,2
2024-08-24,Mouse,Oeste,Vendedor_14,2,16.25,0.0,32.5,8,3
2025-05-14,Monitor,Norte,Vendedor_20,2,191.71,0.0,383.41,5,2
2024-09-03,Laptop,Norte,Vendedor_2,1,968.48,0.0,968.48,9,3
2025-04-03,Monitor,Norte,Vendedor_3,1,196.94,0.0,196.94,4,2
2024-08-01,Smartphone,Este,Vendedor_10,1,495.64,0.0,495.64,8,3
2025-05-18,Tablet,Norte,Vendedor_15,2,208.86,0.0,417.72,5,2
2025-03-19,Laptop,Sur,Vendedor_9,3,662.98,0.121,1747.73,3,1
2025-06-20,Auriculares,Norte,Vendedor_18,5,43.88,0.0,219.42,6,2
2024-11-27,Laptop,Sur,Vendedor_4,3,1070.27,0.0,3210.81,11,4
2024-08-22,Laptop,Oeste,Vendedor_11,2,1067.19,0.0,2134.38,8,3
2025-04-03,Laptop,Norte,Vendedor_17,3,968.76,0.0,2906.29,4,2
2024-10-12,Smartphone,Norte,Vendedor_16,1,397.12,0.0,397.12,10,4
2024-12-19,Mouse,Este,Vendedor_8,3,15.13,0.0,45.39,12,4
2024-07-31,Monitor,Norte,Vendedor_4,2,199.66,0.0,399.31,7,3
2024-12-25,Auriculares,Centro,Vendedor_2,2,61.86,0.235,94.69,12,4
2025-07-11,Mouse,Oeste,Vendedor_10,3,26.16,0.0,78.48,7,3
2025-04-15,Auriculares,Centro,Vendedor_14,2,51.13,0.099,92.15,4,2
2024-10-06,Auriculares,Centro,Vendedor_3,3,54.59,0.0,163.77,10,4
2024-12-09,Smartphone,Centro,Vendedor_13,2,407.56,0.0,815.12,12,4
2025-06-01,Teclado,Sur,Vendedor_11,6,23.71,0.0,142.26,6,2
2024-10-14,Mouse,Norte,Vendedor_13,3,22.69,0.0,68.06,10,4
2025-04-23,Teclado,Centro,Vendedor_1,3,37.07,0.0,111.22,4,2
2025-05-10,Teclado,Este,Vendedor_11,3,36.88,0.0,110.64,5,2
2025-05-16,Tablet,Centro,Vendedor_6,2,245.91,0.0,491.82,5,2
2025-06-07,Tablet,Centro,Vendedor_19,2,264.47,0.0,528.94,6,2
2025-03-27,Monitor,Oeste,Vendedor_10,2,282.34,0.0,564.68,3,1
2025-01-11,Smartphone,Este,Vendedor_18,3,294.48,0.0,883.45,1,1
2025-04-05,Tablet,Sur,Vendedor_7,2,301.21,0.0,602.41,4,2
2024-12-17,Mouse,Este,Vendedor_20,2,19.16,0.0,38.31,12,4
2024-08-06,Tablet,Este,Vendedor_5,5,385.43,0.11,1714.26,8,3
2024-10-21,Monitor,Norte,Vendedor_10,2,193.51,0.0,387.02,10,4
2025-05-29,Laptop,Este,Vendedor_14,2,795.94,0.0,1591.89,5,2
2025-01-10,Auriculares,Sur,Vendedor_5,6,51.29,0.0,307.72,1,1
2025-05-27,Laptop,Oeste,Vendedor_15,4,744.69,0.0,2978.77,5,2
2024-12-26,Mouse,Centro,Vendedor_15,4,19.72,0.056,74.45,12,4
2024-08-25,Teclado,Centro,Vendedor_13,4,26.31,0.175,86.89,8,3
2025-02-20,Laptop,Norte,Vendedor_16,3,818.47,0.149,2090.65,2,1
2024-12-06,Tablet,Norte,Vendedor_19,2,296.66,0.0,593.31,12,4
2025-05-28,Laptop,Norte,Vendedor_12,2,780.36,0.0,1560.72,5,2
2025-02-08,Mouse,Norte,Vendedor_16,2,19.14,0.0,38.27,2,1
2025-05-09,Teclado,Sur,Vendedor_1,4,34.83,0.0,139.34,5,2
2025-05-28,Smartphone,Este,Vendedor_12,2,368.57,0.0,737.15,5,2
2025-01-28,Monitor,Centro,Vendedor_10,2,201.18,0.0,402.35,1,1
2024-12-13,Laptop,Centro,Vendedor_11,3,614.69,0.082,1692.04,12,4
2024-12-12,Tablet,Sur,Vendedor_17,2,322.73,0.0,645.46,12,4
2025-02-12,Monitor,Centro,Vendedor_9,2,227.82,0.0,455.63,2,1
2024-07-29,Tablet,Sur,Vendedor_13,2,153.88,0.0,307.76,7,3
2024-08-24,Monitor,Sur,Vendedor_18,2,227.37,0.0,454.73,8,3
2024-11-16,Mouse,Centro,Vendedor_16,2,20.64,0.0,41.28,11,4
2025-03-16,Tablet,Norte,Vendedor_9,1,381.73,0.0,381.73,3,1
2024-11-16,Monitor,Este,Vendedor_4,1,152.89,0.068,142.51,11,4
2025-06-13,Auriculares,Norte,Vendedor_19,4,85.99,0.193,277.65,6,2
2024-09-06,Auriculares,Sur,Vendedor_20,2,27.76,0.0,55.53,9,3
2024-10-27,Laptop,Este,Vendedor_12,4,717.11,0.232,2201.91,10,4
2024-11-29,Teclado,Sur,Vendedor_1,4,37.63,0.0,150.51,11,4
2024-12-13,Teclado,Este,Vendedor_9,2,24.12,0.0,48.24,12,4
2025-03-03,Teclado,Norte,Vendedor_14,8,27.26,0.0,218.04,3,1
2025-04-07,Teclado,Norte,Vendedor_13,4,30.66,0.061,115.19,4,2
2025-05-02,Monitor,Centro,Vendedor_1,6,207.02,0.0,1242.11,5,2
2024-09-22,Mouse,Norte,Vendedor_5,6,20.85,0.0,125.08,9,3
2024-11-10,Mouse,Sur,Vendedor_1,4,21.01,0.124,73.65,11,4
2025-01-30,Smartphone,Centro,Vendedor_3,2,328.22,0.0,656.44,1,1
2025-04-07,Mouse,Centro,Vendedor_19,3,19.03,0.0,57.09,4,2
2025-07-19,Laptop,Norte,Vendedor_1,1,837.11,0.0,837.11,7,3
2024-12-19,Teclado,Norte,Vendedor_6,3,30.85,0.0,92.56,12,4
2025-03-29,Laptop,Este,Vendedor_13,1,896.96,0.0,896.96,3,1
2025-04-09,Tablet,Centro,Vendedor_7,3,300.15,0.0,900.45,4,2
2025-07-09,Auriculares,Oeste,Vendedor_14,4,68.09,0.0,272.36,7,3
2025-05-30,Auriculares,Norte,Vendedor_16,5,64.16,0.0,320.8,5,2
2025-01-05,Teclado,Norte,Vendedor_5,5,25.02,0.249,93.91,1,1
2025-02-10,Tablet,Sur,Vendedor_18,1,351.81,0.0,351.81,2,1
2024-08-26,Mouse,Norte,Vendedor_7,6,20.69,0.0,124.12,8,3
2024-12-11,Tablet,Norte,Vendedor_13,1,311.98,0.0,311.98,12,4
2025-06-08,Auriculares,Norte,Vendedor_9,2,60.94,0.0,121.88,6,2
2025-06-02,Smartphone,Este,Vendedor_5,1,374.58,0.0,374.58,6,2
2025-06-04,Smartphone,Norte,Vendedor_13,1,409.33,0.0,409.33,6,2
2024-09-14,Teclado,Norte,Vendedor_4,2,41.88,0.0,83.76,9,3
2025-03-14,Tablet,Norte,Vendedor_17,1,289.44,0.194,233.22,3,1
2024-11-16,Mouse,Centro,Vendedor_5,5,11.04,0.0,55.18,11,4
2025-04-09,Tablet,Sur,Vendedor_4,4,300.34,0.238,916.02,4,2
2025-02-15,Mouse,Este,Vendedor_7,5,16.91,0.0,84.56,2,1
2024-12-05,Tablet,Centro,Vendedor_16,1,268.1,0.0,268.1,12,4
2025-05-11,Tablet,Oeste,Vendedor_7,3,303.3,0.123,797.67,5,2
2024-09-21,Smartphone,Centro,Vendedor_6,40,361.89,0.0,14475.53,9,3
2025-07-06,Monitor,Sur,Vendedor_8,2,195.59,0.0,391.19,7,3
2024-08-31,Laptop,Sur,Vendedor_2,1,699.96,0.0,699.96,8,3
2025-05-30,Tablet,Oeste,Vendedor_8,1,310.81,0.0,310.81,5,2
2024-10-13,Smartphone,Norte,Vendedor_2,1,341.49,0.0,341.49,10,4
2024-11-21,Auriculares,Norte,Vendedor_4,3,47.93,0.0,143.79,11,4
2025-04-03,Mouse,Centro,Vendedor_11,5,15.88,0.194,64.0,4,2
2025-06-29,Teclado,Norte,Vendedor_16,6,34.22,0.0,205.29,6,2
2025-02-27,Tablet,Centro,Vendedor_1,2,380.56,0.0,761.12,2,1
2024-08-15,Auriculares,Norte,Vendedor_3,5,40.15,0.0,200.76,8,3
2024-08-14,Teclado,Sur,Vendedor_12,5,33.41,0.0,167.05,8,3
2025-05-30,Auriculares,Sur,Vendedor_1,8,44.29,0.0,354.35,5,2
2025-02-18,Auriculares,Sur,Vendedor_4,1,52.04,0.0,52.04,2,1
2024-12-11,Teclado,Norte,Vendedor_14,5,21.29,0.0,106.44,12,4
2024-09-30,Auriculares,Norte,Vendedor_10,5,45.1,0.0,225.52,9,3
2024-08-01,Tablet,Este,Vendedor_16,2,302.43,0.0,604.87,8,3
2024-09-07,Mouse,Norte,Vendedor_7,7,18.95,0.0,132.63,9,3
2024-11-26,Teclado,Sur,Vendedor_11,6,30.17,0.0,181.02,11,4
2024-11-23,Tablet,Oeste,Vendedor_13,3,245.39,0.0,736.16,11,4
2024-09-23,Tablet,Sur,Vendedor_1,2,256.51,0.0,513.03,9,3
2024-12-25,Auriculares,Este,Vendedor_6,6,41.25,0.0,247.48,12,4
2024-08-04,Laptop,Oeste,Vendedor_20,2,616.93,0.0,1233.85,8,3
2025-03-08,Auriculares,Centro,Vendedor_13,2,38.67,0.0,77.35,3,1
2025-01-04,Monitor,Centro,Vendedor_6,1,278.34,0.231,214.08,1,1
2025-02-06,Teclado,Sur,Vendedor_19,3,35.03,0.0,105.09,2,1
2025-03-19,Teclado,Sur,Vendedor_7,3,27.83,0.105,74.71,3,1
2024-12-29,Smartphone,Centro,Vendedor_19,1,459.35,0.057,433.08,12,4
2025-06-09,Laptop,Norte,Vendedor_9,1,947.18,0.0,947.18,6,2
2025-07-20,Auriculares,Sur,Vendedor_13,6,60.19,0.0,361.14,7,3
2025-01-15,Smartphone,Este,Vendedor_16,3,329.58,0.0,988.73,1,1
2024-11-21,Mouse,Oeste,Vendedor_16,4,15.92,0.0,63.69,11,4
2024-12-12,Tablet,Oeste,Vendedor_8,3,439.48,0.0,1318.45,12,4
2025-06-29,Laptop,Oeste,Vendedor_19,2,715.37,0.0,1430.74,6,2
2024-09-05,Tablet,Oeste,Vendedor_18,4,374.54,0.0,1498.17,9,3
2024-11-07,Laptop,Norte,Vendedor_18,2,717.62,0.0,1435.25,11,4
2025-04-24,Tablet,Norte,Vendedor_8,1,269.79,0.0,269.79,4,2
2024-09-12,Monitor,Oeste,Vendedor_1,1,269.71,0.0,269.71,9,3
2025-05-03,Auriculares,Oeste,Vendedor_20,3,30.08,0.0,90.24,5,2
2024-08-22,Smartphone,Sur,Vendedor_11,2,297.33,0.0,594.67,8,3
2025-01-23,Smartphone,Oeste,Vendedor_15,2,460.86,0.0,921.73,1,1
2024-10-09,Tablet,Norte,Vendedor_6,1,303.48,0.0,303.48,10,4
2025-01-01,Auriculares,Centro,Vendedor_6,4,46.0,0.0,184.01,1,1
2024-08-30,Teclado,Norte,Vendedor_8,6,25.13,0.0,150.75,8,3
2025-06-16,Laptop,Oeste,Vendedor_19,5,661.55,0.0,3307.77,6,2
2025-03-27,Smartphone,Norte,Vendedor_4,1,488.84,0.0,488.84,3,1
2025-07-23,Teclado,Centro,Vendedor_20,5,27.37,0.0,136.87,7,3
2025-03-16,Teclado,Norte,Vendedor_5,1,31.09,0.0,31.09,3,1
2024-09-12,Mouse,Norte,Vendedor_19,4,15.82,0.0,63.3,9,3
2024-10-29,Tablet,Centro,Vendedor_19,1,335.57,0.0,335.57,10,4
2025-02-03,Teclado,Este,Vendedor_3,5,23.26,0.061,109.15,2,1
2025-01-17,Laptop,Este,Vendedor_19,1,890.11,0.0,890.11,1,1
2025-03-30,Mouse,Norte,Vendedor_10,4,17.17,0.0,68.69,3,1
2025-06-23,Laptop,Sur,Vendedor_5,2,858.13,0.0,1716.25,6,2
2024-09-12,Laptop,Sur,Vendedor_7,2,747.73,0.0,1495.46,9,3
2024-12-28,Smartphone,Este,Vendedor_15,1,372.55,0.0,372.55,12,4
2025-06-24,Mouse,Centro,Vendedor_3,5,15.99,0.0,79.97,6,2
2024-11-17,Monitor,Centro,Vendedor_5,1,180.9,0.051,171.66,11,4
2025-01-25,Smartphone,Centro,Vendedor_15,6,311.62,0.0,1869.73,1,1
2025-02-24,Laptop,Norte,Vendedor_8,2,905.49,0.0,1810.98,2,1
2025-02-02,Mouse,Oeste,Vendedor_19,3,25.22,0.168,62.97,2,1
2025-02-02,Smartphone,Este,Vendedor_17,2,273.64,0.0,547.28,2,1
2025-03-06,Tablet,Sur,Vendedor_19,1,288.16,0.152,244.34,3,1
2025-06-08,Auriculares,Oeste,Vendedor_5,7,61.67,0.0,431.7,6,2
2024-08-20,Mouse,Centro,Vendedor_12,11,25.83,0.0,284.1,8,3
2024-09-23,Mouse,Norte,Vendedor_8,5,21.9,0.0,109.51,9,3
2025-05-27,Teclado,Centro,Vendedor_14,3,31.1,0.0,93.31,5,2
2024-12-22,Tablet,Oeste,Vendedor_13,1,237.85,0.0,237.85,12,4
2025-06-27,Mouse,Oeste,Vendedor_8,2,28.57,0.0,57.14,6,2
2024-11-02,Teclado,Este,Vendedor_11,7,27.18,0.0,190.27,11,4
2024-08-14,Teclado,Norte,Vendedor_17,3,24.72,0.0,74.16,8,3
2025-02-20,Smartphone,Sur,Vendedor_11,1,421.53,0.0,421.53,2,1
2025-07-10,Monitor,Centro,Vendedor_19,2,275.57,0.0,551.15,7,3
2024-07-28,Teclado,Este,Vendedor_19,8,34.14,0.0,273.12,7,3
2025-07-14,Mouse,Centro,Vendedor_20,2,19.02,0.0,38.05,7,3
2024-10-01,Mouse,Este,Vendedor_20,3,24.5,0.0,73.5,10,4
2025-03-08,Auriculares,Sur,Vendedor_15,3,63.99,0.0,191.96,3,1
2025-07-17,Monitor,Norte,Vendedor_8,2,184.02,0.0,368.05,7,3
2024-11-15,Tablet,Oeste,Vendedor_15,1,306.33,0.0,306.33,11,4
2025-06-14,Teclado,Norte,Vendedor_14,4,28.9,0.0,115.62,6,2
2024-11-27,Mouse,Centro,Vendedor_9,3,20.89,0.0,62.66,11,4
2025-06-18,Laptop,Este,Vendedor_7,1,861.17,0.0,861.17,6,2
2024-09-20,Laptop,Oeste,Vendedor_18,2,841.73,0.0,1683.46,9,3
2025-06-29,Teclado,Centro,Vendedor_13,2,32.88,0.0,65.77,6,2
2024-08-05,Mouse,Centro,Vendedor_9,4,17.39,0.0,69.55,8,3
2025-05-21,Monitor,Norte,Vendedor_7,1,178.01,0.0,178.01,5,2
2025-04-24,Teclado,Sur,Vendedor_6,5,28.57,0.0,142.87,4,2
2024-08-24,Tablet,Oeste,Vendedor_15,3,327.99,0.0,983.96,8,3
2025-07-02,Smartphone,Norte,Vendedor_4,2,526.6,0.0,1053.2,7,3
2024-10-08,Laptop,Sur,Vendedor_15,1,575.03,0.0,575.03,10,4
2025-06-24,Auriculares,Norte,Vendedor_20,5,60.34,0.0,301.71,6,2
2025-03-07,Monitor,Centro,Vendedor_11,2,223.68,0.0,447.36,3,1
2025-07-13,Smartphone,Oeste,Vendedor_9,2,464.94,0.0,929.87,7,3
2024-11-15,Laptop,Oeste,Vendedor_16,2,853.11,0.0,1706.21,11,4
2024-11-28,Monitor,Este,Vendedor_18,1,148.89,0.0,148.89,11,4
2025-04-19,Mouse,Norte,Vendedor_17,7,23.95,0.0,167.66,4,2
2024-09-30,Tablet,Este,Vendedor_5,2,289.02,0.0,578.04,9,3
2025-06-28,Smartphone,Oeste,Vendedor_15,1,352.32,0.0,352.32,6,2
2025-04-14,Mouse,Centro,Vendedor_1,6,23.53,0.0,141.16,4,2
2024-11-11,Tablet,Sur,Vendedor_20,3,309.4,0.0,928.21,11,4
2024-11-24,Mouse,Sur,Vendedor_1,7,21.6,0.0,151.17,11,4
2025-04-21,Monitor,Norte,Vendedor_12,4,201.42,0.138,694.37,4,2
2025-03-06,Smartphone,Centro,Vendedor_2,1,242.84,0.0,242.84,3,1
2025-07-18,Tablet,Centro,Vendedor_15,2,211.13,0.094,382.48,7,3
2024-09-20,Smartphone,Este,Vendedor_7,2,399.91,0.0,799.82,9,3
2024-11-01,Monitor,Este,Vendedor_11,2,148.36,0.0,296.73,11,4
2025-07-06,Teclado,Centro,Vendedor_7,3,28.2,0.0,84.6,7,3
2025-05-22,Mouse,Oeste,Vendedor_8,6,14.79,0.0,88.77,5,2
2025-04-28,Mouse,Este,Vendedor_8,5,20.4,0.102,91.63,4,2
2024-10-09,Laptop,Centro,Vendedor_2,1,1162.89,0.0,1162.89,10,4
2025-07-16,Tablet,Norte,Vendedor_17,1,263.81,0.0,263.81,7,3
2024-11-14,Auriculares,Norte,Vendedor_7,3,38.05,0.0,114.16,11,4
2024-10-10,Mouse,Sur,Vendedor_19,6,20.35,0.0,122.12,10,4
2025-06-04,Smartphone,Este,Vendedor_4,2,371.75,0.0,743.49,6,2
2024-12-18,Monitor,Oeste,Vendedor_20,2,216.9,0.0,433.79,12,4
2024-12-27,Mouse,Este,Vendedor_12,4,18.14,0.0,72.54,12,4
2024-07-31,Teclado,Oeste,Vendedor_20,5,36.41,0.0,182.06,7,3
2024-10-28,Teclado,Sur,Vendedor_20,2,22.28,0.0,44.57,10,4
2025-05-31,Monitor,Centro,Vendedor_19,1,114.97,0.0,114.97,5,2
2025-07-08,Teclado,Centro,Vendedor_9,1,29.42,0.091,26.75,7,3
2025-02-23,Teclado,Oeste,Vendedor_1,4,26.97,0.0,107.9,2,1
2024-12-24,Mouse,Sur,Vendedor_16,4,19.0,0.0,75.99,12,4
2025-07-01,Teclado,Sur,Vendedor_13,3,30.02,0.0,90.07,7,3
2025-03-25,Laptop,Sur,Vendedor_4,4,705.37,0.234,2161.19,3,1
2025-01-26,Laptop,Norte,Vendedor_12,2,819.64,0.141,1408.39,1,1
2024-10-19,Teclado,Oeste,Vendedor_14,5,29.91,0.0,149.56,10,4
2024-08-30,Mouse,Sur,Vendedor_5,4,20.47,0.0,81.89,8,3
2024-08-17,Laptop,Norte,Vendedor_15,4,931.23,0.0,3724.91,8,3
2025-01-13,Teclado,Sur,Vendedor_12,3,34.71,0.0,104.13,1,1
2025-05-05,Smartphone,Este,Vendedor_16,3,257.79,0.0,773.36,5,2
2024-11-12,Mouse,Sur,Vendedor_8,4,19.01,0.0,76.02,11,4
2025-07-03,Laptop,Este,Vendedor_17,1,836.95,0.0,836.95,7,3
2025-03-24,Auriculares,Este,Vendedor_12,2,66.16,0.209,104.61,3,1
2025-07-20,Laptop,Sur,Vendedor_12,2,709.93,0.0,1419.86,7,3
2025-06-18,Monitor,Este,Vendedor_5,2,134.81,0.0,269.62,6,2
2025-05-21,Smartphone,Sur,Vendedor_5,1,444.5,0.0,444.5,5,2
2025-07-13,Mouse,Este,Vendedor_9,5,21.54,0.0,107.71,7,3
2024-10-30,Laptop,Centro,Vendedor_20,1,821.0,0.0,821.0,10,4
2025-05-12,Mouse,Oeste,Vendedor_13,3,22.93,0.0,68.78,5,2
2025-02-06,Smartphone,Centro,Vendedor_17,2,500.36,0.0,1000.72,2,1
2024-10-29,Mouse,Oeste,Vendedor_13,4,27.08,0.0,108.31,10,4
2024-12-25,Laptop,Norte,Vendedor_19,1,831.92,0.0,831.92,12,4
2025-01-22,Teclado,Norte,Vendedor_14,3,36.11,0.225,84.02,1,1
2024-11-22,Teclado,Centro,Vendedor_7,5,23.1,0.0,115.52,11,4
2025-05-08,Teclado,Centro,Vendedor_12,4,27.21,0.129,94.75,5,2
2024-08-06,Smartphone,Sur,Vendedor_8,3,369.77,0.0,1109.31,8,3
2025-05-08,Monitor,Sur,Vendedor_6,4,159.43,0.0,637.73,5,2
2024-09-05,Smartphone,Centro,Vendedor_12,1,483.82,0.227,373.84,9,3
2025-02-13,Tablet,Este,Vendedor_7,1,311.52,0.0,311.52,2,1
2024-08-04,Monitor,Sur,Vendedor_3,2,272.14,0.13,473.63,8,3
